{
    "config_id_used": 3,
    "book_count": 10,
    "total_chunks": 4204,
    "book_chunk_count_median": 349.5,
    "book_chunk_count_p90": 736.9999999999999,
    "book_token_mean_median": 310.705800943433,
    "book_token_mean_p90": 378.7249700956938,
    "book_token_std_median": 435.72328450636087,
    "book_token_std_p90": 509.12576998406144,
    "book_token_max_median": 2614.0,
    "book_token_max_p90": 5053.799999999999,
    "chunk_token_p10": 11.0,
    "chunk_token_p50": 151.0,
    "chunk_token_p90": 815.0,
    "chunk_token_p99": 2115.880000000001,
    "pct_books_token_std_gt_p90": 10.0,
    "pct_books_token_max_gt_2xp90": 0.0,
    "pct_books_chunk_count_gt_p99": 10.0
}