{"ts": "2026-01-08T12:14:04.231896+00:00", "level": "INFO", "logger": "uvicorn.error", "message": "Will watch for changes in these directories: ['C:\\\\Users\\\\alext\\\\Documents\\\\Code\\\\RAG\\\\mobyRag']"}
{"ts": "2026-01-08T12:14:04.232779+00:00", "level": "INFO", "logger": "uvicorn.error", "message": "Uvicorn running on http://127.0.0.1:8000 (Press CTRL+C to quit)"}
{"ts": "2026-01-08T12:14:04.233247+00:00", "level": "INFO", "logger": "uvicorn.error", "message": "Started reloader process [47968] using WatchFiles"}
{"ts": "2026-01-08T12:14:04.616165+00:00", "level": "INFO", "logger": "watchfiles.main", "message": "1 change detected"}
{"ts": "2026-01-08T12:14:05.073140+00:00", "level": "INFO", "logger": "watchfiles.main", "message": "1 change detected"}
{"ts": "2026-01-08T12:14:05.432067+00:00", "level": "INFO", "logger": "watchfiles.main", "message": "1 change detected"}
{"ts": "2026-01-08T12:14:05.836025+00:00", "level": "INFO", "logger": "watchfiles.main", "message": "1 change detected"}
{"ts": "2026-01-08T12:14:06.249842+00:00", "level": "INFO", "logger": "watchfiles.main", "message": "1 change detected"}
{"ts": "2026-01-08T12:14:06.657477+00:00", "level": "INFO", "logger": "watchfiles.main", "message": "1 change detected"}
{"ts": "2026-01-08T12:14:07.067305+00:00", "level": "INFO", "logger": "watchfiles.main", "message": "1 change detected"}
{"ts": "2026-01-08T12:14:07.475111+00:00", "level": "INFO", "logger": "watchfiles.main", "message": "1 change detected"}
{"ts": "2026-01-08T12:14:07.840604+00:00", "level": "INFO", "logger": "watchfiles.main", "message": "1 change detected"}
{"ts": "2026-01-08T12:14:08.253066+00:00", "level": "INFO", "logger": "watchfiles.main", "message": "1 change detected"}
{"ts": "2026-01-08T12:14:08.658875+00:00", "level": "INFO", "logger": "watchfiles.main", "message": "1 change detected"}
{"ts": "2026-01-08T12:14:09.020443+00:00", "level": "INFO", "logger": "watchfiles.main", "message": "1 change detected"}
{"ts": "2026-01-08T12:14:09.433438+00:00", "level": "INFO", "logger": "watchfiles.main", "message": "1 change detected"}
{"ts": "2026-01-08T12:14:09.525022+00:00", "level": "INFO", "logger": "uvicorn.error", "message": "Started server process [30704]"}
{"ts": "2026-01-08T12:14:09.525544+00:00", "level": "INFO", "logger": "uvicorn.error", "message": "Waiting for application startup."}
{"ts": "2026-01-08T12:14:09.843207+00:00", "level": "INFO", "logger": "watchfiles.main", "message": "1 change detected"}
{"ts": "2026-01-08T12:14:10.010353+00:00", "level": "INFO", "logger": "sqlalchemy.engine.Engine", "message": "select pg_catalog.version()"}
{"ts": "2026-01-08T12:14:10.011063+00:00", "level": "INFO", "logger": "sqlalchemy.engine.Engine", "message": "[raw sql] ()"}
{"ts": "2026-01-08T12:14:10.131169+00:00", "level": "INFO", "logger": "sqlalchemy.engine.Engine", "message": "select current_schema()"}
{"ts": "2026-01-08T12:14:10.132072+00:00", "level": "INFO", "logger": "sqlalchemy.engine.Engine", "message": "[raw sql] ()"}
{"ts": "2026-01-08T12:14:10.246384+00:00", "level": "INFO", "logger": "watchfiles.main", "message": "1 change detected"}
{"ts": "2026-01-08T12:14:10.268919+00:00", "level": "INFO", "logger": "sqlalchemy.engine.Engine", "message": "show standard_conforming_strings"}
{"ts": "2026-01-08T12:14:10.269309+00:00", "level": "INFO", "logger": "sqlalchemy.engine.Engine", "message": "[raw sql] ()"}
{"ts": "2026-01-08T12:14:10.370953+00:00", "level": "INFO", "logger": "sqlalchemy.engine.Engine", "message": "BEGIN (implicit)"}
{"ts": "2026-01-08T12:14:10.380757+00:00", "level": "INFO", "logger": "sqlalchemy.engine.Engine", "message": "SELECT pg_catalog.pg_class.relname \nFROM pg_catalog.pg_class JOIN pg_catalog.pg_namespace ON pg_catalog.pg_namespace.oid = pg_catalog.pg_class.relnamespace \nWHERE pg_catalog.pg_class.relname = $1::VARCHAR AND pg_catalog.pg_class.relkind = ANY (ARRAY[$2::VARCHAR, $3::VARCHAR, $4::VARCHAR, $5::VARCHAR, $6::VARCHAR]) AND pg_catalog.pg_table_is_visible(pg_catalog.pg_class.oid) AND pg_catalog.pg_namespace.nspname != $7::VARCHAR"}
{"ts": "2026-01-08T12:14:10.381407+00:00", "level": "INFO", "logger": "sqlalchemy.engine.Engine", "message": "[generated in 0.00087s] ('book_metadata', 'r', 'p', 'f', 'v', 'm', 'pg_catalog')"}
{"ts": "2026-01-08T12:14:10.517340+00:00", "level": "INFO", "logger": "sqlalchemy.engine.Engine", "message": "SELECT pg_catalog.pg_class.relname \nFROM pg_catalog.pg_class JOIN pg_catalog.pg_namespace ON pg_catalog.pg_namespace.oid = pg_catalog.pg_class.relnamespace \nWHERE pg_catalog.pg_class.relname = $1::VARCHAR AND pg_catalog.pg_class.relkind = ANY (ARRAY[$2::VARCHAR, $3::VARCHAR, $4::VARCHAR, $5::VARCHAR, $6::VARCHAR]) AND pg_catalog.pg_table_is_visible(pg_catalog.pg_class.oid) AND pg_catalog.pg_namespace.nspname != $7::VARCHAR"}
{"ts": "2026-01-08T12:14:10.517665+00:00", "level": "INFO", "logger": "sqlalchemy.engine.Engine", "message": "[cached since 0.1373s ago] ('book_chunk_stats', 'r', 'p', 'f', 'v', 'm', 'pg_catalog')"}
{"ts": "2026-01-08T12:14:10.547409+00:00", "level": "INFO", "logger": "sqlalchemy.engine.Engine", "message": "COMMIT"}
{"ts": "2026-01-08T12:14:10.658629+00:00", "level": "INFO", "logger": "watchfiles.main", "message": "1 change detected"}
{"ts": "2026-01-08T12:14:11.060777+00:00", "level": "INFO", "logger": "watchfiles.main", "message": "1 change detected"}
{"ts": "2026-01-08T12:14:11.470888+00:00", "level": "INFO", "logger": "watchfiles.main", "message": "1 change detected"}
{"ts": "2026-01-08T12:14:11.872136+00:00", "level": "INFO", "logger": "watchfiles.main", "message": "1 change detected"}
{"ts": "2026-01-08T12:14:12.146622+00:00", "level": "INFO", "logger": "httpx", "message": "HTTP Request: GET https://8cb3f0c3-cf4e-4d6a-b1b7-734720846f83.europe-west3-0.gcp.cloud.qdrant.io:6333 \"HTTP/1.1 200 OK\""}
{"ts": "2026-01-08T12:14:12.285403+00:00", "level": "INFO", "logger": "watchfiles.main", "message": "1 change detected"}
{"ts": "2026-01-08T12:14:12.342807+00:00", "level": "INFO", "logger": "httpx", "message": "HTTP Request: GET https://8cb3f0c3-cf4e-4d6a-b1b7-734720846f83.europe-west3-0.gcp.cloud.qdrant.io:6333/collections/gb-semantic-70p/exists \"HTTP/1.1 200 OK\""}
{"ts": "2026-01-08T12:14:12.419994+00:00", "level": "INFO", "logger": "httpx", "message": "HTTP Request: POST https://8cb3f0c3-cf4e-4d6a-b1b7-734720846f83.europe-west3-0.gcp.cloud.qdrant.io:6333/collections/gb-semantic-70p/points/scroll \"HTTP/1.1 200 OK\""}
{"ts": "2026-01-08T12:14:12.660261+00:00", "level": "INFO", "logger": "httpx", "message": "HTTP Request: POST https://8cb3f0c3-cf4e-4d6a-b1b7-734720846f83.europe-west3-0.gcp.cloud.qdrant.io:6333/collections/gb-semantic-70p/points/scroll \"HTTP/1.1 200 OK\""}
{"ts": "2026-01-08T12:14:12.694638+00:00", "level": "INFO", "logger": "watchfiles.main", "message": "1 change detected"}
{"ts": "2026-01-08T12:14:12.730330+00:00", "level": "INFO", "logger": "httpx", "message": "HTTP Request: POST https://8cb3f0c3-cf4e-4d6a-b1b7-734720846f83.europe-west3-0.gcp.cloud.qdrant.io:6333/collections/gb-semantic-70p/points/scroll \"HTTP/1.1 200 OK\""}
{"ts": "2026-01-08T12:14:12.809844+00:00", "level": "INFO", "logger": "httpx", "message": "HTTP Request: POST https://8cb3f0c3-cf4e-4d6a-b1b7-734720846f83.europe-west3-0.gcp.cloud.qdrant.io:6333/collections/gb-semantic-70p/points/scroll \"HTTP/1.1 200 OK\""}
{"ts": "2026-01-08T12:14:12.893391+00:00", "level": "INFO", "logger": "httpx", "message": "HTTP Request: POST https://8cb3f0c3-cf4e-4d6a-b1b7-734720846f83.europe-west3-0.gcp.cloud.qdrant.io:6333/collections/gb-semantic-70p/points/scroll \"HTTP/1.1 200 OK\""}
{"ts": "2026-01-08T12:14:12.972312+00:00", "level": "INFO", "logger": "httpx", "message": "HTTP Request: POST https://8cb3f0c3-cf4e-4d6a-b1b7-734720846f83.europe-west3-0.gcp.cloud.qdrant.io:6333/collections/gb-semantic-70p/points/scroll \"HTTP/1.1 200 OK\""}
{"ts": "2026-01-08T12:14:13.044602+00:00", "level": "INFO", "logger": "httpx", "message": "HTTP Request: POST https://8cb3f0c3-cf4e-4d6a-b1b7-734720846f83.europe-west3-0.gcp.cloud.qdrant.io:6333/collections/gb-semantic-70p/points/scroll \"HTTP/1.1 200 OK\""}
{"ts": "2026-01-08T12:14:13.047185+00:00", "level": "INFO", "logger": "watchfiles.main", "message": "1 change detected"}
{"ts": "2026-01-08T12:14:13.113952+00:00", "level": "INFO", "logger": "httpx", "message": "HTTP Request: POST https://8cb3f0c3-cf4e-4d6a-b1b7-734720846f83.europe-west3-0.gcp.cloud.qdrant.io:6333/collections/gb-semantic-70p/points/scroll \"HTTP/1.1 200 OK\""}
{"ts": "2026-01-08T12:14:13.181782+00:00", "level": "INFO", "logger": "httpx", "message": "HTTP Request: POST https://8cb3f0c3-cf4e-4d6a-b1b7-734720846f83.europe-west3-0.gcp.cloud.qdrant.io:6333/collections/gb-semantic-70p/points/scroll \"HTTP/1.1 200 OK\""}
{"ts": "2026-01-08T12:14:13.258490+00:00", "level": "INFO", "logger": "httpx", "message": "HTTP Request: POST https://8cb3f0c3-cf4e-4d6a-b1b7-734720846f83.europe-west3-0.gcp.cloud.qdrant.io:6333/collections/gb-semantic-70p/points/scroll \"HTTP/1.1 200 OK\""}
{"ts": "2026-01-08T12:14:13.329125+00:00", "level": "INFO", "logger": "httpx", "message": "HTTP Request: POST https://8cb3f0c3-cf4e-4d6a-b1b7-734720846f83.europe-west3-0.gcp.cloud.qdrant.io:6333/collections/gb-semantic-70p/points/scroll \"HTTP/1.1 200 OK\""}
{"ts": "2026-01-08T12:14:13.400818+00:00", "level": "INFO", "logger": "httpx", "message": "HTTP Request: POST https://8cb3f0c3-cf4e-4d6a-b1b7-734720846f83.europe-west3-0.gcp.cloud.qdrant.io:6333/collections/gb-semantic-70p/points/scroll \"HTTP/1.1 200 OK\""}
{"ts": "2026-01-08T12:14:13.463079+00:00", "level": "INFO", "logger": "watchfiles.main", "message": "1 change detected"}
{"ts": "2026-01-08T12:14:13.474713+00:00", "level": "INFO", "logger": "httpx", "message": "HTTP Request: POST https://8cb3f0c3-cf4e-4d6a-b1b7-734720846f83.europe-west3-0.gcp.cloud.qdrant.io:6333/collections/gb-semantic-70p/points/scroll \"HTTP/1.1 200 OK\""}
{"ts": "2026-01-08T12:14:13.547425+00:00", "level": "INFO", "logger": "httpx", "message": "HTTP Request: POST https://8cb3f0c3-cf4e-4d6a-b1b7-734720846f83.europe-west3-0.gcp.cloud.qdrant.io:6333/collections/gb-semantic-70p/points/scroll \"HTTP/1.1 200 OK\""}
{"ts": "2026-01-08T12:14:13.624465+00:00", "level": "INFO", "logger": "httpx", "message": "HTTP Request: POST https://8cb3f0c3-cf4e-4d6a-b1b7-734720846f83.europe-west3-0.gcp.cloud.qdrant.io:6333/collections/gb-semantic-70p/points/scroll \"HTTP/1.1 200 OK\""}
{"ts": "2026-01-08T12:14:13.692964+00:00", "level": "INFO", "logger": "httpx", "message": "HTTP Request: POST https://8cb3f0c3-cf4e-4d6a-b1b7-734720846f83.europe-west3-0.gcp.cloud.qdrant.io:6333/collections/gb-semantic-70p/points/scroll \"HTTP/1.1 200 OK\""}
{"ts": "2026-01-08T12:14:13.765211+00:00", "level": "INFO", "logger": "httpx", "message": "HTTP Request: POST https://8cb3f0c3-cf4e-4d6a-b1b7-734720846f83.europe-west3-0.gcp.cloud.qdrant.io:6333/collections/gb-semantic-70p/points/scroll \"HTTP/1.1 200 OK\""}
{"ts": "2026-01-08T12:14:13.840355+00:00", "level": "INFO", "logger": "httpx", "message": "HTTP Request: POST https://8cb3f0c3-cf4e-4d6a-b1b7-734720846f83.europe-west3-0.gcp.cloud.qdrant.io:6333/collections/gb-semantic-70p/points/scroll \"HTTP/1.1 200 OK\""}
{"ts": "2026-01-08T12:14:13.865107+00:00", "level": "INFO", "logger": "watchfiles.main", "message": "1 change detected"}
{"ts": "2026-01-08T12:14:13.909765+00:00", "level": "INFO", "logger": "httpx", "message": "HTTP Request: POST https://8cb3f0c3-cf4e-4d6a-b1b7-734720846f83.europe-west3-0.gcp.cloud.qdrant.io:6333/collections/gb-semantic-70p/points/scroll \"HTTP/1.1 200 OK\""}
{"ts": "2026-01-08T12:14:13.978744+00:00", "level": "INFO", "logger": "httpx", "message": "HTTP Request: POST https://8cb3f0c3-cf4e-4d6a-b1b7-734720846f83.europe-west3-0.gcp.cloud.qdrant.io:6333/collections/gb-semantic-70p/points/scroll \"HTTP/1.1 200 OK\""}
{"ts": "2026-01-08T12:14:14.049320+00:00", "level": "INFO", "logger": "httpx", "message": "HTTP Request: POST https://8cb3f0c3-cf4e-4d6a-b1b7-734720846f83.europe-west3-0.gcp.cloud.qdrant.io:6333/collections/gb-semantic-70p/points/scroll \"HTTP/1.1 200 OK\""}
{"ts": "2026-01-08T12:14:14.127153+00:00", "level": "INFO", "logger": "httpx", "message": "HTTP Request: POST https://8cb3f0c3-cf4e-4d6a-b1b7-734720846f83.europe-west3-0.gcp.cloud.qdrant.io:6333/collections/gb-semantic-70p/points/scroll \"HTTP/1.1 200 OK\""}
{"ts": "2026-01-08T12:14:14.211330+00:00", "level": "INFO", "logger": "httpx", "message": "HTTP Request: POST https://8cb3f0c3-cf4e-4d6a-b1b7-734720846f83.europe-west3-0.gcp.cloud.qdrant.io:6333/collections/gb-semantic-70p/points/scroll \"HTTP/1.1 200 OK\""}
{"ts": "2026-01-08T12:14:14.280509+00:00", "level": "INFO", "logger": "watchfiles.main", "message": "1 change detected"}
{"ts": "2026-01-08T12:14:14.283774+00:00", "level": "INFO", "logger": "httpx", "message": "HTTP Request: POST https://8cb3f0c3-cf4e-4d6a-b1b7-734720846f83.europe-west3-0.gcp.cloud.qdrant.io:6333/collections/gb-semantic-70p/points/scroll \"HTTP/1.1 200 OK\""}
{"ts": "2026-01-08T12:14:14.351915+00:00", "level": "INFO", "logger": "httpx", "message": "HTTP Request: POST https://8cb3f0c3-cf4e-4d6a-b1b7-734720846f83.europe-west3-0.gcp.cloud.qdrant.io:6333/collections/gb-semantic-70p/points/scroll \"HTTP/1.1 200 OK\""}
{"ts": "2026-01-08T12:14:14.419887+00:00", "level": "INFO", "logger": "httpx", "message": "HTTP Request: POST https://8cb3f0c3-cf4e-4d6a-b1b7-734720846f83.europe-west3-0.gcp.cloud.qdrant.io:6333/collections/gb-semantic-70p/points/scroll \"HTTP/1.1 200 OK\""}
{"ts": "2026-01-08T12:14:14.426266+00:00", "level": "INFO", "logger": "uvicorn.error", "message": "Application startup complete."}
{"ts": "2026-01-08T12:14:14.646573+00:00", "level": "INFO", "logger": "watchfiles.main", "message": "1 change detected"}
{"ts": "2026-01-08T12:14:15.048989+00:00", "level": "INFO", "logger": "watchfiles.main", "message": "1 change detected"}
{"ts": "2026-01-08T12:14:15.467116+00:00", "level": "INFO", "logger": "watchfiles.main", "message": "1 change detected"}
{"ts": "2026-01-08T12:14:15.880687+00:00", "level": "INFO", "logger": "watchfiles.main", "message": "1 change detected"}
{"ts": "2026-01-08T12:14:16.294814+00:00", "level": "INFO", "logger": "watchfiles.main", "message": "1 change detected"}
{"ts": "2026-01-08T12:14:16.711600+00:00", "level": "INFO", "logger": "watchfiles.main", "message": "1 change detected"}
{"ts": "2026-01-08T12:14:17.117957+00:00", "level": "INFO", "logger": "watchfiles.main", "message": "1 change detected"}
{"ts": "2026-01-08T12:14:17.533939+00:00", "level": "INFO", "logger": "watchfiles.main", "message": "1 change detected"}
{"ts": "2026-01-08T12:14:17.945428+00:00", "level": "INFO", "logger": "watchfiles.main", "message": "1 change detected"}
{"ts": "2026-01-08T12:14:18.350186+00:00", "level": "INFO", "logger": "watchfiles.main", "message": "1 change detected"}
{"ts": "2026-01-08T12:14:18.704198+00:00", "level": "INFO", "logger": "watchfiles.main", "message": "1 change detected"}
{"ts": "2026-01-08T12:14:19.118477+00:00", "level": "INFO", "logger": "watchfiles.main", "message": "1 change detected"}
{"ts": "2026-01-08T12:14:19.533846+00:00", "level": "INFO", "logger": "watchfiles.main", "message": "1 change detected"}
{"ts": "2026-01-08T12:14:19.952012+00:00", "level": "INFO", "logger": "watchfiles.main", "message": "1 change detected"}
{"ts": "2026-01-08T12:14:20.353361+00:00", "level": "INFO", "logger": "watchfiles.main", "message": "1 change detected"}
{"ts": "2026-01-08T12:14:20.769350+00:00", "level": "INFO", "logger": "watchfiles.main", "message": "1 change detected"}
{"ts": "2026-01-08T12:14:21.185122+00:00", "level": "INFO", "logger": "watchfiles.main", "message": "1 change detected"}
{"ts": "2026-01-08T12:14:21.548772+00:00", "level": "INFO", "logger": "watchfiles.main", "message": "1 change detected"}
{"ts": "2026-01-08T12:14:21.954408+00:00", "level": "INFO", "logger": "watchfiles.main", "message": "1 change detected"}
{"ts": "2026-01-08T12:14:22.362711+00:00", "level": "INFO", "logger": "watchfiles.main", "message": "1 change detected"}
{"ts": "2026-01-08T12:14:22.772972+00:00", "level": "INFO", "logger": "watchfiles.main", "message": "1 change detected"}
{"ts": "2026-01-08T12:14:23.183465+00:00", "level": "INFO", "logger": "watchfiles.main", "message": "1 change detected"}
{"ts": "2026-01-08T12:14:23.586606+00:00", "level": "INFO", "logger": "watchfiles.main", "message": "1 change detected"}
{"ts": "2026-01-08T12:14:23.988747+00:00", "level": "INFO", "logger": "watchfiles.main", "message": "1 change detected"}
{"ts": "2026-01-08T12:14:24.405126+00:00", "level": "INFO", "logger": "watchfiles.main", "message": "1 change detected"}
{"ts": "2026-01-08T12:14:24.770649+00:00", "level": "INFO", "logger": "watchfiles.main", "message": "1 change detected"}
{"ts": "2026-01-08T12:14:25.183250+00:00", "level": "INFO", "logger": "watchfiles.main", "message": "1 change detected"}
{"ts": "2026-01-08T12:14:25.585444+00:00", "level": "INFO", "logger": "watchfiles.main", "message": "1 change detected"}
{"ts": "2026-01-08T12:14:25.990967+00:00", "level": "INFO", "logger": "watchfiles.main", "message": "1 change detected"}
{"ts": "2026-01-08T12:14:26.407684+00:00", "level": "INFO", "logger": "watchfiles.main", "message": "1 change detected"}
{"ts": "2026-01-08T12:14:26.816155+00:00", "level": "INFO", "logger": "watchfiles.main", "message": "1 change detected"}
{"ts": "2026-01-08T12:14:27.221579+00:00", "level": "INFO", "logger": "watchfiles.main", "message": "1 change detected"}
{"ts": "2026-01-08T12:14:27.626943+00:00", "level": "INFO", "logger": "watchfiles.main", "message": "1 change detected"}
{"ts": "2026-01-08T12:14:28.034500+00:00", "level": "INFO", "logger": "watchfiles.main", "message": "1 change detected"}
{"ts": "2026-01-08T12:14:28.441271+00:00", "level": "INFO", "logger": "watchfiles.main", "message": "1 change detected"}
{"ts": "2026-01-08T12:14:28.803692+00:00", "level": "INFO", "logger": "watchfiles.main", "message": "1 change detected"}
{"ts": "2026-01-08T12:14:29.219952+00:00", "level": "INFO", "logger": "watchfiles.main", "message": "1 change detected"}
{"ts": "2026-01-08T12:14:29.635446+00:00", "level": "INFO", "logger": "watchfiles.main", "message": "1 change detected"}
{"ts": "2026-01-08T12:14:30.052340+00:00", "level": "INFO", "logger": "watchfiles.main", "message": "1 change detected"}
{"ts": "2026-01-08T12:14:30.461208+00:00", "level": "INFO", "logger": "watchfiles.main", "message": "1 change detected"}
{"ts": "2026-01-08T12:14:30.818616+00:00", "level": "INFO", "logger": "watchfiles.main", "message": "1 change detected"}
{"ts": "2026-01-08T12:14:31.229382+00:00", "level": "INFO", "logger": "watchfiles.main", "message": "1 change detected"}
{"ts": "2026-01-08T12:14:31.645241+00:00", "level": "INFO", "logger": "watchfiles.main", "message": "1 change detected"}
{"ts": "2026-01-08T12:14:32.047674+00:00", "level": "INFO", "logger": "watchfiles.main", "message": "1 change detected"}
{"ts": "2026-01-08T12:14:32.453502+00:00", "level": "INFO", "logger": "watchfiles.main", "message": "1 change detected"}
{"ts": "2026-01-08T12:14:32.861647+00:00", "level": "INFO", "logger": "watchfiles.main", "message": "1 change detected"}
{"ts": "2026-01-08T12:14:33.266594+00:00", "level": "INFO", "logger": "watchfiles.main", "message": "1 change detected"}
{"ts": "2026-01-08T12:14:33.673355+00:00", "level": "INFO", "logger": "watchfiles.main", "message": "1 change detected"}
{"ts": "2026-01-08T12:14:34.078216+00:00", "level": "INFO", "logger": "watchfiles.main", "message": "1 change detected"}
{"ts": "2026-01-08T12:14:34.482107+00:00", "level": "INFO", "logger": "watchfiles.main", "message": "1 change detected"}
{"ts": "2026-01-08T12:14:34.888265+00:00", "level": "INFO", "logger": "watchfiles.main", "message": "1 change detected"}
{"ts": "2026-01-08T12:14:35.299274+00:00", "level": "INFO", "logger": "watchfiles.main", "message": "1 change detected"}
{"ts": "2026-01-08T12:14:35.708132+00:00", "level": "INFO", "logger": "watchfiles.main", "message": "1 change detected"}
{"ts": "2026-01-08T12:14:36.121104+00:00", "level": "INFO", "logger": "watchfiles.main", "message": "1 change detected"}
{"ts": "2026-01-08T12:14:36.525721+00:00", "level": "INFO", "logger": "watchfiles.main", "message": "1 change detected"}
{"ts": "2026-01-08T12:14:36.933595+00:00", "level": "INFO", "logger": "watchfiles.main", "message": "1 change detected"}
{"ts": "2026-01-08T12:14:37.349925+00:00", "level": "INFO", "logger": "watchfiles.main", "message": "1 change detected"}
{"ts": "2026-01-08T12:14:37.709029+00:00", "level": "INFO", "logger": "watchfiles.main", "message": "1 change detected"}
{"ts": "2026-01-08T12:14:38.110977+00:00", "level": "INFO", "logger": "watchfiles.main", "message": "1 change detected"}
{"ts": "2026-01-08T12:14:38.514261+00:00", "level": "INFO", "logger": "watchfiles.main", "message": "1 change detected"}
{"ts": "2026-01-08T12:14:38.917529+00:00", "level": "INFO", "logger": "watchfiles.main", "message": "1 change detected"}
{"ts": "2026-01-08T12:14:39.320280+00:00", "level": "INFO", "logger": "watchfiles.main", "message": "1 change detected"}
{"ts": "2026-01-08T12:14:39.725103+00:00", "level": "INFO", "logger": "watchfiles.main", "message": "1 change detected"}
{"ts": "2026-01-08T12:14:40.130344+00:00", "level": "INFO", "logger": "watchfiles.main", "message": "1 change detected"}
{"ts": "2026-01-08T12:14:40.546150+00:00", "level": "INFO", "logger": "watchfiles.main", "message": "1 change detected"}
{"ts": "2026-01-08T12:14:40.955216+00:00", "level": "INFO", "logger": "watchfiles.main", "message": "1 change detected"}
{"ts": "2026-01-08T12:14:41.363872+00:00", "level": "INFO", "logger": "watchfiles.main", "message": "1 change detected"}
{"ts": "2026-01-08T12:14:41.768609+00:00", "level": "INFO", "logger": "watchfiles.main", "message": "1 change detected"}
{"ts": "2026-01-08T12:14:42.130069+00:00", "level": "INFO", "logger": "watchfiles.main", "message": "1 change detected"}
{"ts": "2026-01-08T12:14:42.532488+00:00", "level": "INFO", "logger": "watchfiles.main", "message": "1 change detected"}
{"ts": "2026-01-08T12:14:42.986697+00:00", "level": "INFO", "logger": "watchfiles.main", "message": "1 change detected"}
{"ts": "2026-01-08T12:14:43.352906+00:00", "level": "INFO", "logger": "watchfiles.main", "message": "1 change detected"}
{"ts": "2026-01-08T12:14:43.765431+00:00", "level": "INFO", "logger": "watchfiles.main", "message": "1 change detected"}
{"ts": "2026-01-08T12:14:44.168983+00:00", "level": "INFO", "logger": "watchfiles.main", "message": "1 change detected"}
{"ts": "2026-01-08T12:14:44.570757+00:00", "level": "INFO", "logger": "watchfiles.main", "message": "1 change detected"}
{"ts": "2026-01-08T12:14:44.986548+00:00", "level": "INFO", "logger": "watchfiles.main", "message": "1 change detected"}
{"ts": "2026-01-08T12:14:45.390573+00:00", "level": "INFO", "logger": "watchfiles.main", "message": "1 change detected"}
{"ts": "2026-01-08T12:14:45.792431+00:00", "level": "INFO", "logger": "watchfiles.main", "message": "1 change detected"}
{"ts": "2026-01-08T12:14:46.155970+00:00", "level": "INFO", "logger": "watchfiles.main", "message": "1 change detected"}
{"ts": "2026-01-08T12:14:46.566378+00:00", "level": "INFO", "logger": "watchfiles.main", "message": "1 change detected"}
{"ts": "2026-01-08T12:14:46.973505+00:00", "level": "INFO", "logger": "watchfiles.main", "message": "1 change detected"}
{"ts": "2026-01-08T12:14:47.384568+00:00", "level": "INFO", "logger": "watchfiles.main", "message": "1 change detected"}
{"ts": "2026-01-08T12:14:47.801732+00:00", "level": "INFO", "logger": "watchfiles.main", "message": "1 change detected"}
{"ts": "2026-01-08T12:14:48.169902+00:00", "level": "INFO", "logger": "watchfiles.main", "message": "1 change detected"}
{"ts": "2026-01-08T12:14:48.574916+00:00", "level": "INFO", "logger": "watchfiles.main", "message": "1 change detected"}
{"ts": "2026-01-08T12:14:48.985994+00:00", "level": "INFO", "logger": "watchfiles.main", "message": "1 change detected"}
{"ts": "2026-01-08T12:14:49.401429+00:00", "level": "INFO", "logger": "watchfiles.main", "message": "1 change detected"}
{"ts": "2026-01-08T12:14:49.814310+00:00", "level": "INFO", "logger": "watchfiles.main", "message": "1 change detected"}
{"ts": "2026-01-08T12:14:50.225014+00:00", "level": "INFO", "logger": "watchfiles.main", "message": "1 change detected"}
{"ts": "2026-01-08T12:14:50.629273+00:00", "level": "INFO", "logger": "watchfiles.main", "message": "1 change detected"}
{"ts": "2026-01-08T12:14:51.095550+00:00", "level": "INFO", "logger": "watchfiles.main", "message": "1 change detected"}
{"ts": "2026-01-08T12:14:51.452868+00:00", "level": "INFO", "logger": "watchfiles.main", "message": "1 change detected"}
{"ts": "2026-01-08T12:14:51.853967+00:00", "level": "INFO", "logger": "watchfiles.main", "message": "1 change detected"}
{"ts": "2026-01-08T12:14:52.311347+00:00", "level": "INFO", "logger": "watchfiles.main", "message": "1 change detected"}
{"ts": "2026-01-08T12:14:52.712365+00:00", "level": "INFO", "logger": "watchfiles.main", "message": "1 change detected"}
{"ts": "2026-01-08T12:14:53.129039+00:00", "level": "INFO", "logger": "watchfiles.main", "message": "1 change detected"}
{"ts": "2026-01-08T12:14:53.530504+00:00", "level": "INFO", "logger": "watchfiles.main", "message": "1 change detected"}
{"ts": "2026-01-08T12:14:53.882355+00:00", "level": "INFO", "logger": "watchfiles.main", "message": "1 change detected"}
{"ts": "2026-01-08T12:14:54.285955+00:00", "level": "INFO", "logger": "watchfiles.main", "message": "1 change detected"}
{"ts": "2026-01-08T12:14:54.687571+00:00", "level": "INFO", "logger": "watchfiles.main", "message": "1 change detected"}
{"ts": "2026-01-08T12:14:55.090875+00:00", "level": "INFO", "logger": "watchfiles.main", "message": "1 change detected"}
{"ts": "2026-01-08T12:14:55.498246+00:00", "level": "INFO", "logger": "watchfiles.main", "message": "1 change detected"}
{"ts": "2026-01-08T12:14:55.900111+00:00", "level": "INFO", "logger": "watchfiles.main", "message": "1 change detected"}
{"ts": "2026-01-08T12:14:56.361246+00:00", "level": "INFO", "logger": "watchfiles.main", "message": "1 change detected"}
{"ts": "2026-01-08T12:14:56.718835+00:00", "level": "INFO", "logger": "watchfiles.main", "message": "1 change detected"}
{"ts": "2026-01-08T12:14:57.130806+00:00", "level": "INFO", "logger": "watchfiles.main", "message": "1 change detected"}
{"ts": "2026-01-08T12:14:57.496250+00:00", "level": "INFO", "logger": "watchfiles.main", "message": "1 change detected"}
{"ts": "2026-01-08T12:14:57.850382+00:00", "level": "INFO", "logger": "watchfiles.main", "message": "1 change detected"}
{"ts": "2026-01-08T12:14:58.202058+00:00", "level": "INFO", "logger": "watchfiles.main", "message": "1 change detected"}
{"ts": "2026-01-08T12:14:58.558259+00:00", "level": "INFO", "logger": "watchfiles.main", "message": "1 change detected"}
{"ts": "2026-01-08T12:14:58.924195+00:00", "level": "INFO", "logger": "watchfiles.main", "message": "1 change detected"}
{"ts": "2026-01-08T12:14:59.282382+00:00", "level": "INFO", "logger": "watchfiles.main", "message": "1 change detected"}
{"ts": "2026-01-08T12:14:59.645037+00:00", "level": "INFO", "logger": "watchfiles.main", "message": "1 change detected"}
{"ts": "2026-01-08T12:15:00.002319+00:00", "level": "INFO", "logger": "watchfiles.main", "message": "1 change detected"}
{"ts": "2026-01-08T12:15:00.353821+00:00", "level": "INFO", "logger": "watchfiles.main", "message": "1 change detected"}
{"ts": "2026-01-08T12:15:00.720183+00:00", "level": "INFO", "logger": "watchfiles.main", "message": "1 change detected"}
{"ts": "2026-01-08T12:15:01.082288+00:00", "level": "INFO", "logger": "watchfiles.main", "message": "1 change detected"}
{"ts": "2026-01-08T12:15:01.434332+00:00", "level": "INFO", "logger": "watchfiles.main", "message": "1 change detected"}
{"ts": "2026-01-08T12:15:01.781456+00:00", "level": "INFO", "logger": "uvicorn.error", "message": "Shutting down"}
{"ts": "2026-01-08T12:15:01.883889+00:00", "level": "INFO", "logger": "uvicorn.error", "message": "Waiting for application shutdown."}
{"ts": "2026-01-08T12:15:01.916440+00:00", "level": "INFO", "logger": "uvicorn.error", "message": "Application shutdown complete."}
{"ts": "2026-01-08T12:15:01.917936+00:00", "level": "INFO", "logger": "uvicorn.error", "message": "Finished server process [30704]"}
{"ts": "2026-01-08T12:15:02.747705+00:00", "level": "INFO", "logger": "uvicorn.error", "message": "Stopping reloader process [47968]"}
{"ts": "2026-01-08T12:29:13.092787+00:00", "level": "INFO", "logger": "uvicorn.error", "message": "Will watch for changes in these directories: ['C:\\\\Users\\\\alext\\\\Documents\\\\Code\\\\RAG\\\\mobyRag']"}
{"ts": "2026-01-08T12:29:13.093456+00:00", "level": "INFO", "logger": "uvicorn.error", "message": "Uvicorn running on http://127.0.0.1:8000 (Press CTRL+C to quit)"}
{"ts": "2026-01-08T12:29:13.093828+00:00", "level": "INFO", "logger": "uvicorn.error", "message": "Started reloader process [43904] using WatchFiles"}
{"ts": "2026-01-08T12:29:18.038326+00:00", "level": "INFO", "logger": "uvicorn.error", "message": "Started server process [48064]"}
{"ts": "2026-01-08T12:29:18.039027+00:00", "level": "INFO", "logger": "uvicorn.error", "message": "Waiting for application startup."}
{"ts": "2026-01-08T12:29:18.701618+00:00", "level": "INFO", "logger": "sqlalchemy.engine.Engine", "message": "select pg_catalog.version()"}
{"ts": "2026-01-08T12:29:18.702347+00:00", "level": "INFO", "logger": "sqlalchemy.engine.Engine", "message": "[raw sql] ()"}
{"ts": "2026-01-08T12:29:18.859792+00:00", "level": "INFO", "logger": "sqlalchemy.engine.Engine", "message": "select current_schema()"}
{"ts": "2026-01-08T12:29:18.860033+00:00", "level": "INFO", "logger": "sqlalchemy.engine.Engine", "message": "[raw sql] ()"}
{"ts": "2026-01-08T12:29:18.985088+00:00", "level": "INFO", "logger": "sqlalchemy.engine.Engine", "message": "show standard_conforming_strings"}
{"ts": "2026-01-08T12:29:18.985442+00:00", "level": "INFO", "logger": "sqlalchemy.engine.Engine", "message": "[raw sql] ()"}
{"ts": "2026-01-08T12:29:19.094292+00:00", "level": "INFO", "logger": "sqlalchemy.engine.Engine", "message": "BEGIN (implicit)"}
{"ts": "2026-01-08T12:29:19.101470+00:00", "level": "INFO", "logger": "sqlalchemy.engine.Engine", "message": "SELECT pg_catalog.pg_class.relname \nFROM pg_catalog.pg_class JOIN pg_catalog.pg_namespace ON pg_catalog.pg_namespace.oid = pg_catalog.pg_class.relnamespace \nWHERE pg_catalog.pg_class.relname = $1::VARCHAR AND pg_catalog.pg_class.relkind = ANY (ARRAY[$2::VARCHAR, $3::VARCHAR, $4::VARCHAR, $5::VARCHAR, $6::VARCHAR]) AND pg_catalog.pg_table_is_visible(pg_catalog.pg_class.oid) AND pg_catalog.pg_namespace.nspname != $7::VARCHAR"}
{"ts": "2026-01-08T12:29:19.102158+00:00", "level": "INFO", "logger": "sqlalchemy.engine.Engine", "message": "[generated in 0.00089s] ('book_metadata', 'r', 'p', 'f', 'v', 'm', 'pg_catalog')"}
{"ts": "2026-01-08T12:29:19.195683+00:00", "level": "INFO", "logger": "sqlalchemy.engine.Engine", "message": "SELECT pg_catalog.pg_class.relname \nFROM pg_catalog.pg_class JOIN pg_catalog.pg_namespace ON pg_catalog.pg_namespace.oid = pg_catalog.pg_class.relnamespace \nWHERE pg_catalog.pg_class.relname = $1::VARCHAR AND pg_catalog.pg_class.relkind = ANY (ARRAY[$2::VARCHAR, $3::VARCHAR, $4::VARCHAR, $5::VARCHAR, $6::VARCHAR]) AND pg_catalog.pg_table_is_visible(pg_catalog.pg_class.oid) AND pg_catalog.pg_namespace.nspname != $7::VARCHAR"}
{"ts": "2026-01-08T12:29:19.196845+00:00", "level": "INFO", "logger": "sqlalchemy.engine.Engine", "message": "[cached since 0.09543s ago] ('book_chunk_stats', 'r', 'p', 'f', 'v', 'm', 'pg_catalog')"}
{"ts": "2026-01-08T12:29:19.228727+00:00", "level": "INFO", "logger": "sqlalchemy.engine.Engine", "message": "COMMIT"}
{"ts": "2026-01-08T12:29:20.210971+00:00", "level": "INFO", "logger": "httpx", "message": "HTTP Request: GET https://8cb3f0c3-cf4e-4d6a-b1b7-734720846f83.europe-west3-0.gcp.cloud.qdrant.io:6333 \"HTTP/1.1 200 OK\""}
{"ts": "2026-01-08T12:29:20.372549+00:00", "level": "INFO", "logger": "httpx", "message": "HTTP Request: GET https://8cb3f0c3-cf4e-4d6a-b1b7-734720846f83.europe-west3-0.gcp.cloud.qdrant.io:6333/collections/gb-semantic-70p/exists \"HTTP/1.1 200 OK\""}
{"ts": "2026-01-08T12:29:20.458050+00:00", "level": "INFO", "logger": "httpx", "message": "HTTP Request: POST https://8cb3f0c3-cf4e-4d6a-b1b7-734720846f83.europe-west3-0.gcp.cloud.qdrant.io:6333/collections/gb-semantic-70p/points/scroll \"HTTP/1.1 200 OK\""}
{"ts": "2026-01-08T12:29:20.658236+00:00", "level": "INFO", "logger": "httpx", "message": "HTTP Request: POST https://8cb3f0c3-cf4e-4d6a-b1b7-734720846f83.europe-west3-0.gcp.cloud.qdrant.io:6333/collections/gb-semantic-70p/points/scroll \"HTTP/1.1 200 OK\""}
{"ts": "2026-01-08T12:29:20.731692+00:00", "level": "INFO", "logger": "httpx", "message": "HTTP Request: POST https://8cb3f0c3-cf4e-4d6a-b1b7-734720846f83.europe-west3-0.gcp.cloud.qdrant.io:6333/collections/gb-semantic-70p/points/scroll \"HTTP/1.1 200 OK\""}
{"ts": "2026-01-08T12:29:20.809638+00:00", "level": "INFO", "logger": "httpx", "message": "HTTP Request: POST https://8cb3f0c3-cf4e-4d6a-b1b7-734720846f83.europe-west3-0.gcp.cloud.qdrant.io:6333/collections/gb-semantic-70p/points/scroll \"HTTP/1.1 200 OK\""}
{"ts": "2026-01-08T12:29:20.892928+00:00", "level": "INFO", "logger": "httpx", "message": "HTTP Request: POST https://8cb3f0c3-cf4e-4d6a-b1b7-734720846f83.europe-west3-0.gcp.cloud.qdrant.io:6333/collections/gb-semantic-70p/points/scroll \"HTTP/1.1 200 OK\""}
{"ts": "2026-01-08T12:29:20.966576+00:00", "level": "INFO", "logger": "httpx", "message": "HTTP Request: POST https://8cb3f0c3-cf4e-4d6a-b1b7-734720846f83.europe-west3-0.gcp.cloud.qdrant.io:6333/collections/gb-semantic-70p/points/scroll \"HTTP/1.1 200 OK\""}
{"ts": "2026-01-08T12:29:21.055527+00:00", "level": "INFO", "logger": "httpx", "message": "HTTP Request: POST https://8cb3f0c3-cf4e-4d6a-b1b7-734720846f83.europe-west3-0.gcp.cloud.qdrant.io:6333/collections/gb-semantic-70p/points/scroll \"HTTP/1.1 200 OK\""}
{"ts": "2026-01-08T12:29:21.127100+00:00", "level": "INFO", "logger": "httpx", "message": "HTTP Request: POST https://8cb3f0c3-cf4e-4d6a-b1b7-734720846f83.europe-west3-0.gcp.cloud.qdrant.io:6333/collections/gb-semantic-70p/points/scroll \"HTTP/1.1 200 OK\""}
{"ts": "2026-01-08T12:29:21.204569+00:00", "level": "INFO", "logger": "httpx", "message": "HTTP Request: POST https://8cb3f0c3-cf4e-4d6a-b1b7-734720846f83.europe-west3-0.gcp.cloud.qdrant.io:6333/collections/gb-semantic-70p/points/scroll \"HTTP/1.1 200 OK\""}
{"ts": "2026-01-08T12:29:21.281613+00:00", "level": "INFO", "logger": "httpx", "message": "HTTP Request: POST https://8cb3f0c3-cf4e-4d6a-b1b7-734720846f83.europe-west3-0.gcp.cloud.qdrant.io:6333/collections/gb-semantic-70p/points/scroll \"HTTP/1.1 200 OK\""}
{"ts": "2026-01-08T12:29:21.360164+00:00", "level": "INFO", "logger": "httpx", "message": "HTTP Request: POST https://8cb3f0c3-cf4e-4d6a-b1b7-734720846f83.europe-west3-0.gcp.cloud.qdrant.io:6333/collections/gb-semantic-70p/points/scroll \"HTTP/1.1 200 OK\""}
{"ts": "2026-01-08T12:29:21.442616+00:00", "level": "INFO", "logger": "httpx", "message": "HTTP Request: POST https://8cb3f0c3-cf4e-4d6a-b1b7-734720846f83.europe-west3-0.gcp.cloud.qdrant.io:6333/collections/gb-semantic-70p/points/scroll \"HTTP/1.1 200 OK\""}
{"ts": "2026-01-08T12:29:21.527320+00:00", "level": "INFO", "logger": "httpx", "message": "HTTP Request: POST https://8cb3f0c3-cf4e-4d6a-b1b7-734720846f83.europe-west3-0.gcp.cloud.qdrant.io:6333/collections/gb-semantic-70p/points/scroll \"HTTP/1.1 200 OK\""}
{"ts": "2026-01-08T12:29:21.609764+00:00", "level": "INFO", "logger": "httpx", "message": "HTTP Request: POST https://8cb3f0c3-cf4e-4d6a-b1b7-734720846f83.europe-west3-0.gcp.cloud.qdrant.io:6333/collections/gb-semantic-70p/points/scroll \"HTTP/1.1 200 OK\""}
{"ts": "2026-01-08T12:29:21.691884+00:00", "level": "INFO", "logger": "httpx", "message": "HTTP Request: POST https://8cb3f0c3-cf4e-4d6a-b1b7-734720846f83.europe-west3-0.gcp.cloud.qdrant.io:6333/collections/gb-semantic-70p/points/scroll \"HTTP/1.1 200 OK\""}
{"ts": "2026-01-08T12:29:21.769718+00:00", "level": "INFO", "logger": "httpx", "message": "HTTP Request: POST https://8cb3f0c3-cf4e-4d6a-b1b7-734720846f83.europe-west3-0.gcp.cloud.qdrant.io:6333/collections/gb-semantic-70p/points/scroll \"HTTP/1.1 200 OK\""}
{"ts": "2026-01-08T12:29:21.848522+00:00", "level": "INFO", "logger": "httpx", "message": "HTTP Request: POST https://8cb3f0c3-cf4e-4d6a-b1b7-734720846f83.europe-west3-0.gcp.cloud.qdrant.io:6333/collections/gb-semantic-70p/points/scroll \"HTTP/1.1 200 OK\""}
{"ts": "2026-01-08T12:29:21.927799+00:00", "level": "INFO", "logger": "httpx", "message": "HTTP Request: POST https://8cb3f0c3-cf4e-4d6a-b1b7-734720846f83.europe-west3-0.gcp.cloud.qdrant.io:6333/collections/gb-semantic-70p/points/scroll \"HTTP/1.1 200 OK\""}
{"ts": "2026-01-08T12:29:22.006926+00:00", "level": "INFO", "logger": "httpx", "message": "HTTP Request: POST https://8cb3f0c3-cf4e-4d6a-b1b7-734720846f83.europe-west3-0.gcp.cloud.qdrant.io:6333/collections/gb-semantic-70p/points/scroll \"HTTP/1.1 200 OK\""}
{"ts": "2026-01-08T12:29:22.099622+00:00", "level": "INFO", "logger": "httpx", "message": "HTTP Request: POST https://8cb3f0c3-cf4e-4d6a-b1b7-734720846f83.europe-west3-0.gcp.cloud.qdrant.io:6333/collections/gb-semantic-70p/points/scroll \"HTTP/1.1 200 OK\""}
{"ts": "2026-01-08T12:29:22.182615+00:00", "level": "INFO", "logger": "httpx", "message": "HTTP Request: POST https://8cb3f0c3-cf4e-4d6a-b1b7-734720846f83.europe-west3-0.gcp.cloud.qdrant.io:6333/collections/gb-semantic-70p/points/scroll \"HTTP/1.1 200 OK\""}
{"ts": "2026-01-08T12:29:22.277357+00:00", "level": "INFO", "logger": "httpx", "message": "HTTP Request: POST https://8cb3f0c3-cf4e-4d6a-b1b7-734720846f83.europe-west3-0.gcp.cloud.qdrant.io:6333/collections/gb-semantic-70p/points/scroll \"HTTP/1.1 200 OK\""}
{"ts": "2026-01-08T12:29:22.364991+00:00", "level": "INFO", "logger": "httpx", "message": "HTTP Request: POST https://8cb3f0c3-cf4e-4d6a-b1b7-734720846f83.europe-west3-0.gcp.cloud.qdrant.io:6333/collections/gb-semantic-70p/points/scroll \"HTTP/1.1 200 OK\""}
{"ts": "2026-01-08T12:29:22.454298+00:00", "level": "INFO", "logger": "httpx", "message": "HTTP Request: POST https://8cb3f0c3-cf4e-4d6a-b1b7-734720846f83.europe-west3-0.gcp.cloud.qdrant.io:6333/collections/gb-semantic-70p/points/scroll \"HTTP/1.1 200 OK\""}
{"ts": "2026-01-08T12:29:22.536473+00:00", "level": "INFO", "logger": "httpx", "message": "HTTP Request: POST https://8cb3f0c3-cf4e-4d6a-b1b7-734720846f83.europe-west3-0.gcp.cloud.qdrant.io:6333/collections/gb-semantic-70p/points/scroll \"HTTP/1.1 200 OK\""}
{"ts": "2026-01-08T12:29:22.899903+00:00", "level": "INFO", "logger": "httpx", "message": "HTTP Request: POST https://8cb3f0c3-cf4e-4d6a-b1b7-734720846f83.europe-west3-0.gcp.cloud.qdrant.io:6333/collections/gb-semantic-70p/points/scroll \"HTTP/1.1 200 OK\""}
{"ts": "2026-01-08T12:29:22.905704+00:00", "level": "INFO", "logger": "uvicorn.error", "message": "Application startup complete."}
{"ts": "2026-01-08T12:30:23.289114+00:00", "level": "WARNING", "logger": "uvicorn.error", "message": "WatchFiles detected changes in 'app_factory.py'. Reloading..."}
{"ts": "2026-01-08T12:30:23.297460+00:00", "level": "INFO", "logger": "uvicorn.error", "message": "Shutting down"}
{"ts": "2026-01-08T12:30:23.399681+00:00", "level": "INFO", "logger": "uvicorn.error", "message": "Waiting for application shutdown."}
{"ts": "2026-01-08T12:30:23.430289+00:00", "level": "INFO", "logger": "uvicorn.error", "message": "Application shutdown complete."}
{"ts": "2026-01-08T12:30:23.431933+00:00", "level": "INFO", "logger": "uvicorn.error", "message": "Finished server process [48064]"}
{"ts": "2026-01-08T12:30:29.471419+00:00", "level": "INFO", "logger": "uvicorn.error", "message": "Started server process [45708]"}
{"ts": "2026-01-08T12:30:29.471889+00:00", "level": "INFO", "logger": "uvicorn.error", "message": "Waiting for application startup."}
{"ts": "2026-01-08T12:30:29.903898+00:00", "level": "INFO", "logger": "sqlalchemy.engine.Engine", "message": "select pg_catalog.version()"}
{"ts": "2026-01-08T12:30:29.904239+00:00", "level": "INFO", "logger": "sqlalchemy.engine.Engine", "message": "[raw sql] ()"}
{"ts": "2026-01-08T12:30:30.021624+00:00", "level": "INFO", "logger": "sqlalchemy.engine.Engine", "message": "select current_schema()"}
{"ts": "2026-01-08T12:30:30.021974+00:00", "level": "INFO", "logger": "sqlalchemy.engine.Engine", "message": "[raw sql] ()"}
{"ts": "2026-01-08T12:30:30.147211+00:00", "level": "INFO", "logger": "sqlalchemy.engine.Engine", "message": "show standard_conforming_strings"}
{"ts": "2026-01-08T12:30:30.147433+00:00", "level": "INFO", "logger": "sqlalchemy.engine.Engine", "message": "[raw sql] ()"}
{"ts": "2026-01-08T12:30:30.239568+00:00", "level": "INFO", "logger": "sqlalchemy.engine.Engine", "message": "BEGIN (implicit)"}
{"ts": "2026-01-08T12:30:30.241663+00:00", "level": "INFO", "logger": "sqlalchemy.engine.Engine", "message": "SELECT pg_catalog.pg_class.relname \nFROM pg_catalog.pg_class JOIN pg_catalog.pg_namespace ON pg_catalog.pg_namespace.oid = pg_catalog.pg_class.relnamespace \nWHERE pg_catalog.pg_class.relname = $1::VARCHAR AND pg_catalog.pg_class.relkind = ANY (ARRAY[$2::VARCHAR, $3::VARCHAR, $4::VARCHAR, $5::VARCHAR, $6::VARCHAR]) AND pg_catalog.pg_table_is_visible(pg_catalog.pg_class.oid) AND pg_catalog.pg_namespace.nspname != $7::VARCHAR"}
{"ts": "2026-01-08T12:30:30.241942+00:00", "level": "INFO", "logger": "sqlalchemy.engine.Engine", "message": "[generated in 0.00048s] ('book_metadata', 'r', 'p', 'f', 'v', 'm', 'pg_catalog')"}
{"ts": "2026-01-08T12:30:30.334530+00:00", "level": "INFO", "logger": "sqlalchemy.engine.Engine", "message": "SELECT pg_catalog.pg_class.relname \nFROM pg_catalog.pg_class JOIN pg_catalog.pg_namespace ON pg_catalog.pg_namespace.oid = pg_catalog.pg_class.relnamespace \nWHERE pg_catalog.pg_class.relname = $1::VARCHAR AND pg_catalog.pg_class.relkind = ANY (ARRAY[$2::VARCHAR, $3::VARCHAR, $4::VARCHAR, $5::VARCHAR, $6::VARCHAR]) AND pg_catalog.pg_table_is_visible(pg_catalog.pg_class.oid) AND pg_catalog.pg_namespace.nspname != $7::VARCHAR"}
{"ts": "2026-01-08T12:30:30.334825+00:00", "level": "INFO", "logger": "sqlalchemy.engine.Engine", "message": "[cached since 0.09329s ago] ('book_chunk_stats', 'r', 'p', 'f', 'v', 'm', 'pg_catalog')"}
{"ts": "2026-01-08T12:30:30.364733+00:00", "level": "INFO", "logger": "sqlalchemy.engine.Engine", "message": "COMMIT"}
{"ts": "2026-01-08T12:30:30.398937+00:00", "level": "INFO", "logger": "app.lifecycle", "message": "DEF GB SEEDS: [1661, 42, 1404, 2701, 2680, 8492, 84, 16328, 29558, 11]"}
{"ts": "2026-01-08T12:30:31.256179+00:00", "level": "INFO", "logger": "httpx", "message": "HTTP Request: GET https://8cb3f0c3-cf4e-4d6a-b1b7-734720846f83.europe-west3-0.gcp.cloud.qdrant.io:6333 \"HTTP/1.1 200 OK\""}
{"ts": "2026-01-08T12:30:31.419583+00:00", "level": "INFO", "logger": "httpx", "message": "HTTP Request: GET https://8cb3f0c3-cf4e-4d6a-b1b7-734720846f83.europe-west3-0.gcp.cloud.qdrant.io:6333/collections/gb-semantic-70p/exists \"HTTP/1.1 200 OK\""}
{"ts": "2026-01-08T12:30:31.494015+00:00", "level": "INFO", "logger": "httpx", "message": "HTTP Request: POST https://8cb3f0c3-cf4e-4d6a-b1b7-734720846f83.europe-west3-0.gcp.cloud.qdrant.io:6333/collections/gb-semantic-70p/points/scroll \"HTTP/1.1 200 OK\""}
{"ts": "2026-01-08T12:30:31.697310+00:00", "level": "INFO", "logger": "httpx", "message": "HTTP Request: POST https://8cb3f0c3-cf4e-4d6a-b1b7-734720846f83.europe-west3-0.gcp.cloud.qdrant.io:6333/collections/gb-semantic-70p/points/scroll \"HTTP/1.1 200 OK\""}
{"ts": "2026-01-08T12:30:31.778609+00:00", "level": "INFO", "logger": "httpx", "message": "HTTP Request: POST https://8cb3f0c3-cf4e-4d6a-b1b7-734720846f83.europe-west3-0.gcp.cloud.qdrant.io:6333/collections/gb-semantic-70p/points/scroll \"HTTP/1.1 200 OK\""}
{"ts": "2026-01-08T12:30:31.859439+00:00", "level": "INFO", "logger": "httpx", "message": "HTTP Request: POST https://8cb3f0c3-cf4e-4d6a-b1b7-734720846f83.europe-west3-0.gcp.cloud.qdrant.io:6333/collections/gb-semantic-70p/points/scroll \"HTTP/1.1 200 OK\""}
{"ts": "2026-01-08T12:30:31.938703+00:00", "level": "INFO", "logger": "httpx", "message": "HTTP Request: POST https://8cb3f0c3-cf4e-4d6a-b1b7-734720846f83.europe-west3-0.gcp.cloud.qdrant.io:6333/collections/gb-semantic-70p/points/scroll \"HTTP/1.1 200 OK\""}
{"ts": "2026-01-08T12:30:32.023655+00:00", "level": "INFO", "logger": "httpx", "message": "HTTP Request: POST https://8cb3f0c3-cf4e-4d6a-b1b7-734720846f83.europe-west3-0.gcp.cloud.qdrant.io:6333/collections/gb-semantic-70p/points/scroll \"HTTP/1.1 200 OK\""}
{"ts": "2026-01-08T12:30:32.097736+00:00", "level": "INFO", "logger": "httpx", "message": "HTTP Request: POST https://8cb3f0c3-cf4e-4d6a-b1b7-734720846f83.europe-west3-0.gcp.cloud.qdrant.io:6333/collections/gb-semantic-70p/points/scroll \"HTTP/1.1 200 OK\""}
{"ts": "2026-01-08T12:30:32.174080+00:00", "level": "INFO", "logger": "httpx", "message": "HTTP Request: POST https://8cb3f0c3-cf4e-4d6a-b1b7-734720846f83.europe-west3-0.gcp.cloud.qdrant.io:6333/collections/gb-semantic-70p/points/scroll \"HTTP/1.1 200 OK\""}
{"ts": "2026-01-08T12:30:32.253046+00:00", "level": "INFO", "logger": "httpx", "message": "HTTP Request: POST https://8cb3f0c3-cf4e-4d6a-b1b7-734720846f83.europe-west3-0.gcp.cloud.qdrant.io:6333/collections/gb-semantic-70p/points/scroll \"HTTP/1.1 200 OK\""}
{"ts": "2026-01-08T12:30:32.328707+00:00", "level": "INFO", "logger": "httpx", "message": "HTTP Request: POST https://8cb3f0c3-cf4e-4d6a-b1b7-734720846f83.europe-west3-0.gcp.cloud.qdrant.io:6333/collections/gb-semantic-70p/points/scroll \"HTTP/1.1 200 OK\""}
{"ts": "2026-01-08T12:30:32.410587+00:00", "level": "INFO", "logger": "httpx", "message": "HTTP Request: POST https://8cb3f0c3-cf4e-4d6a-b1b7-734720846f83.europe-west3-0.gcp.cloud.qdrant.io:6333/collections/gb-semantic-70p/points/scroll \"HTTP/1.1 200 OK\""}
{"ts": "2026-01-08T12:30:32.494795+00:00", "level": "INFO", "logger": "httpx", "message": "HTTP Request: POST https://8cb3f0c3-cf4e-4d6a-b1b7-734720846f83.europe-west3-0.gcp.cloud.qdrant.io:6333/collections/gb-semantic-70p/points/scroll \"HTTP/1.1 200 OK\""}
{"ts": "2026-01-08T12:30:32.574530+00:00", "level": "INFO", "logger": "httpx", "message": "HTTP Request: POST https://8cb3f0c3-cf4e-4d6a-b1b7-734720846f83.europe-west3-0.gcp.cloud.qdrant.io:6333/collections/gb-semantic-70p/points/scroll \"HTTP/1.1 200 OK\""}
{"ts": "2026-01-08T12:30:32.653793+00:00", "level": "INFO", "logger": "httpx", "message": "HTTP Request: POST https://8cb3f0c3-cf4e-4d6a-b1b7-734720846f83.europe-west3-0.gcp.cloud.qdrant.io:6333/collections/gb-semantic-70p/points/scroll \"HTTP/1.1 200 OK\""}
{"ts": "2026-01-08T12:30:32.729209+00:00", "level": "INFO", "logger": "httpx", "message": "HTTP Request: POST https://8cb3f0c3-cf4e-4d6a-b1b7-734720846f83.europe-west3-0.gcp.cloud.qdrant.io:6333/collections/gb-semantic-70p/points/scroll \"HTTP/1.1 200 OK\""}
{"ts": "2026-01-08T12:30:32.802968+00:00", "level": "INFO", "logger": "httpx", "message": "HTTP Request: POST https://8cb3f0c3-cf4e-4d6a-b1b7-734720846f83.europe-west3-0.gcp.cloud.qdrant.io:6333/collections/gb-semantic-70p/points/scroll \"HTTP/1.1 200 OK\""}
{"ts": "2026-01-08T12:30:32.881660+00:00", "level": "INFO", "logger": "httpx", "message": "HTTP Request: POST https://8cb3f0c3-cf4e-4d6a-b1b7-734720846f83.europe-west3-0.gcp.cloud.qdrant.io:6333/collections/gb-semantic-70p/points/scroll \"HTTP/1.1 200 OK\""}
{"ts": "2026-01-08T12:30:33.148713+00:00", "level": "INFO", "logger": "httpx", "message": "HTTP Request: POST https://8cb3f0c3-cf4e-4d6a-b1b7-734720846f83.europe-west3-0.gcp.cloud.qdrant.io:6333/collections/gb-semantic-70p/points/scroll \"HTTP/1.1 200 OK\""}
{"ts": "2026-01-08T12:30:33.261955+00:00", "level": "INFO", "logger": "httpx", "message": "HTTP Request: POST https://8cb3f0c3-cf4e-4d6a-b1b7-734720846f83.europe-west3-0.gcp.cloud.qdrant.io:6333/collections/gb-semantic-70p/points/scroll \"HTTP/1.1 200 OK\""}
{"ts": "2026-01-08T12:30:33.386358+00:00", "level": "INFO", "logger": "httpx", "message": "HTTP Request: POST https://8cb3f0c3-cf4e-4d6a-b1b7-734720846f83.europe-west3-0.gcp.cloud.qdrant.io:6333/collections/gb-semantic-70p/points/scroll \"HTTP/1.1 200 OK\""}
{"ts": "2026-01-08T12:30:33.519720+00:00", "level": "INFO", "logger": "httpx", "message": "HTTP Request: POST https://8cb3f0c3-cf4e-4d6a-b1b7-734720846f83.europe-west3-0.gcp.cloud.qdrant.io:6333/collections/gb-semantic-70p/points/scroll \"HTTP/1.1 200 OK\""}
{"ts": "2026-01-08T12:30:33.629955+00:00", "level": "INFO", "logger": "httpx", "message": "HTTP Request: POST https://8cb3f0c3-cf4e-4d6a-b1b7-734720846f83.europe-west3-0.gcp.cloud.qdrant.io:6333/collections/gb-semantic-70p/points/scroll \"HTTP/1.1 200 OK\""}
{"ts": "2026-01-08T12:30:33.745932+00:00", "level": "INFO", "logger": "httpx", "message": "HTTP Request: POST https://8cb3f0c3-cf4e-4d6a-b1b7-734720846f83.europe-west3-0.gcp.cloud.qdrant.io:6333/collections/gb-semantic-70p/points/scroll \"HTTP/1.1 200 OK\""}
{"ts": "2026-01-08T12:30:33.860198+00:00", "level": "INFO", "logger": "httpx", "message": "HTTP Request: POST https://8cb3f0c3-cf4e-4d6a-b1b7-734720846f83.europe-west3-0.gcp.cloud.qdrant.io:6333/collections/gb-semantic-70p/points/scroll \"HTTP/1.1 200 OK\""}
{"ts": "2026-01-08T12:30:33.981809+00:00", "level": "INFO", "logger": "httpx", "message": "HTTP Request: POST https://8cb3f0c3-cf4e-4d6a-b1b7-734720846f83.europe-west3-0.gcp.cloud.qdrant.io:6333/collections/gb-semantic-70p/points/scroll \"HTTP/1.1 200 OK\""}
{"ts": "2026-01-08T12:30:34.092564+00:00", "level": "INFO", "logger": "httpx", "message": "HTTP Request: POST https://8cb3f0c3-cf4e-4d6a-b1b7-734720846f83.europe-west3-0.gcp.cloud.qdrant.io:6333/collections/gb-semantic-70p/points/scroll \"HTTP/1.1 200 OK\""}
{"ts": "2026-01-08T12:30:34.106338+00:00", "level": "INFO", "logger": "uvicorn.error", "message": "Application startup complete."}
{"ts": "2026-01-08T12:34:05.201002+00:00", "level": "INFO", "logger": "uvicorn.error", "message": "Shutting down"}
{"ts": "2026-01-08T12:34:05.317591+00:00", "level": "INFO", "logger": "uvicorn.error", "message": "Waiting for application shutdown."}
{"ts": "2026-01-08T12:34:05.348878+00:00", "level": "INFO", "logger": "uvicorn.error", "message": "Application shutdown complete."}
{"ts": "2026-01-08T12:34:05.350749+00:00", "level": "INFO", "logger": "uvicorn.error", "message": "Finished server process [45708]"}
{"ts": "2026-01-08T12:34:06.214512+00:00", "level": "INFO", "logger": "uvicorn.error", "message": "Stopping reloader process [43904]"}
{"ts": "2026-01-28T10:48:18.968073+00:00", "level": "INFO", "logger": "uvicorn.error", "message": "Will watch for changes in these directories: ['C:\\\\Users\\\\alext\\\\Documents\\\\Code\\\\RAG\\\\mobyRag']"}
{"ts": "2026-01-28T10:48:18.968756+00:00", "level": "INFO", "logger": "uvicorn.error", "message": "Uvicorn running on http://127.0.0.1:8000 (Press CTRL+C to quit)"}
{"ts": "2026-01-28T10:48:18.969206+00:00", "level": "INFO", "logger": "uvicorn.error", "message": "Started reloader process [11064] using WatchFiles"}
{"ts": "2026-01-28T10:48:24.251816+00:00", "level": "INFO", "logger": "uvicorn.error", "message": "Started server process [21780]"}
{"ts": "2026-01-28T10:48:24.252246+00:00", "level": "INFO", "logger": "uvicorn.error", "message": "Waiting for application startup."}
{"ts": "2026-01-28T10:48:25.094017+00:00", "level": "INFO", "logger": "sqlalchemy.engine.Engine", "message": "select pg_catalog.version()"}
{"ts": "2026-01-28T10:48:25.094203+00:00", "level": "INFO", "logger": "sqlalchemy.engine.Engine", "message": "[raw sql] ()"}
{"ts": "2026-01-28T10:48:25.255311+00:00", "level": "INFO", "logger": "sqlalchemy.engine.Engine", "message": "select current_schema()"}
{"ts": "2026-01-28T10:48:25.255690+00:00", "level": "INFO", "logger": "sqlalchemy.engine.Engine", "message": "[raw sql] ()"}
{"ts": "2026-01-28T10:48:25.413540+00:00", "level": "INFO", "logger": "sqlalchemy.engine.Engine", "message": "show standard_conforming_strings"}
{"ts": "2026-01-28T10:48:25.414541+00:00", "level": "INFO", "logger": "sqlalchemy.engine.Engine", "message": "[raw sql] ()"}
{"ts": "2026-01-28T10:48:25.522250+00:00", "level": "INFO", "logger": "sqlalchemy.engine.Engine", "message": "BEGIN (implicit)"}
{"ts": "2026-01-28T10:48:25.525183+00:00", "level": "INFO", "logger": "sqlalchemy.engine.Engine", "message": "SELECT pg_catalog.pg_class.relname \nFROM pg_catalog.pg_class JOIN pg_catalog.pg_namespace ON pg_catalog.pg_namespace.oid = pg_catalog.pg_class.relnamespace \nWHERE pg_catalog.pg_class.relname = $1::VARCHAR AND pg_catalog.pg_class.relkind = ANY (ARRAY[$2::VARCHAR, $3::VARCHAR, $4::VARCHAR, $5::VARCHAR, $6::VARCHAR]) AND pg_catalog.pg_table_is_visible(pg_catalog.pg_class.oid) AND pg_catalog.pg_namespace.nspname != $7::VARCHAR"}
{"ts": "2026-01-28T10:48:25.525600+00:00", "level": "INFO", "logger": "sqlalchemy.engine.Engine", "message": "[generated in 0.00056s] ('book_metadata', 'r', 'p', 'f', 'v', 'm', 'pg_catalog')"}
{"ts": "2026-01-28T10:48:25.633130+00:00", "level": "INFO", "logger": "sqlalchemy.engine.Engine", "message": "SELECT pg_catalog.pg_class.relname \nFROM pg_catalog.pg_class JOIN pg_catalog.pg_namespace ON pg_catalog.pg_namespace.oid = pg_catalog.pg_class.relnamespace \nWHERE pg_catalog.pg_class.relname = $1::VARCHAR AND pg_catalog.pg_class.relkind = ANY (ARRAY[$2::VARCHAR, $3::VARCHAR, $4::VARCHAR, $5::VARCHAR, $6::VARCHAR]) AND pg_catalog.pg_table_is_visible(pg_catalog.pg_class.oid) AND pg_catalog.pg_namespace.nspname != $7::VARCHAR"}
{"ts": "2026-01-28T10:48:25.633655+00:00", "level": "INFO", "logger": "sqlalchemy.engine.Engine", "message": "[cached since 0.1085s ago] ('book_chunk_stats', 'r', 'p', 'f', 'v', 'm', 'pg_catalog')"}
{"ts": "2026-01-28T10:48:25.666582+00:00", "level": "INFO", "logger": "sqlalchemy.engine.Engine", "message": "COMMIT"}
{"ts": "2026-01-28T10:48:25.699525+00:00", "level": "INFO", "logger": "app.lifecycle", "message": "DEF GB SEEDS: [1661, 42, 1404, 2701, 2680, 8492, 84, 16328, 29558, 11]"}
{"ts": "2026-01-28T10:48:27.681340+00:00", "level": "INFO", "logger": "httpx", "message": "HTTP Request: GET https://8cb3f0c3-cf4e-4d6a-b1b7-734720846f83.europe-west3-0.gcp.cloud.qdrant.io:6333 \"HTTP/1.1 200 OK\""}
{"ts": "2026-01-28T10:48:27.871978+00:00", "level": "INFO", "logger": "httpx", "message": "HTTP Request: GET https://8cb3f0c3-cf4e-4d6a-b1b7-734720846f83.europe-west3-0.gcp.cloud.qdrant.io:6333/collections/gb-semantic-70p/exists \"HTTP/1.1 200 OK\""}
{"ts": "2026-01-28T10:48:28.054237+00:00", "level": "INFO", "logger": "httpx", "message": "HTTP Request: POST https://8cb3f0c3-cf4e-4d6a-b1b7-734720846f83.europe-west3-0.gcp.cloud.qdrant.io:6333/collections/gb-semantic-70p/points/scroll \"HTTP/1.1 200 OK\""}
{"ts": "2026-01-28T10:48:28.350990+00:00", "level": "INFO", "logger": "httpx", "message": "HTTP Request: POST https://8cb3f0c3-cf4e-4d6a-b1b7-734720846f83.europe-west3-0.gcp.cloud.qdrant.io:6333/collections/gb-semantic-70p/points/scroll \"HTTP/1.1 200 OK\""}
{"ts": "2026-01-28T10:48:28.506890+00:00", "level": "INFO", "logger": "httpx", "message": "HTTP Request: POST https://8cb3f0c3-cf4e-4d6a-b1b7-734720846f83.europe-west3-0.gcp.cloud.qdrant.io:6333/collections/gb-semantic-70p/points/scroll \"HTTP/1.1 200 OK\""}
{"ts": "2026-01-28T10:48:28.820376+00:00", "level": "INFO", "logger": "httpx", "message": "HTTP Request: POST https://8cb3f0c3-cf4e-4d6a-b1b7-734720846f83.europe-west3-0.gcp.cloud.qdrant.io:6333/collections/gb-semantic-70p/points/scroll \"HTTP/1.1 200 OK\""}
{"ts": "2026-01-28T10:48:28.960429+00:00", "level": "INFO", "logger": "httpx", "message": "HTTP Request: POST https://8cb3f0c3-cf4e-4d6a-b1b7-734720846f83.europe-west3-0.gcp.cloud.qdrant.io:6333/collections/gb-semantic-70p/points/scroll \"HTTP/1.1 200 OK\""}
{"ts": "2026-01-28T10:48:29.096719+00:00", "level": "INFO", "logger": "httpx", "message": "HTTP Request: POST https://8cb3f0c3-cf4e-4d6a-b1b7-734720846f83.europe-west3-0.gcp.cloud.qdrant.io:6333/collections/gb-semantic-70p/points/scroll \"HTTP/1.1 200 OK\""}
{"ts": "2026-01-28T10:48:29.226106+00:00", "level": "INFO", "logger": "httpx", "message": "HTTP Request: POST https://8cb3f0c3-cf4e-4d6a-b1b7-734720846f83.europe-west3-0.gcp.cloud.qdrant.io:6333/collections/gb-semantic-70p/points/scroll \"HTTP/1.1 200 OK\""}
{"ts": "2026-01-28T10:48:29.357659+00:00", "level": "INFO", "logger": "httpx", "message": "HTTP Request: POST https://8cb3f0c3-cf4e-4d6a-b1b7-734720846f83.europe-west3-0.gcp.cloud.qdrant.io:6333/collections/gb-semantic-70p/points/scroll \"HTTP/1.1 200 OK\""}
{"ts": "2026-01-28T10:48:29.442300+00:00", "level": "INFO", "logger": "httpx", "message": "HTTP Request: POST https://8cb3f0c3-cf4e-4d6a-b1b7-734720846f83.europe-west3-0.gcp.cloud.qdrant.io:6333/collections/gb-semantic-70p/points/scroll \"HTTP/1.1 200 OK\""}
{"ts": "2026-01-28T10:48:29.537676+00:00", "level": "INFO", "logger": "httpx", "message": "HTTP Request: POST https://8cb3f0c3-cf4e-4d6a-b1b7-734720846f83.europe-west3-0.gcp.cloud.qdrant.io:6333/collections/gb-semantic-70p/points/scroll \"HTTP/1.1 200 OK\""}
{"ts": "2026-01-28T10:48:29.628489+00:00", "level": "INFO", "logger": "httpx", "message": "HTTP Request: POST https://8cb3f0c3-cf4e-4d6a-b1b7-734720846f83.europe-west3-0.gcp.cloud.qdrant.io:6333/collections/gb-semantic-70p/points/scroll \"HTTP/1.1 200 OK\""}
{"ts": "2026-01-28T10:48:29.709002+00:00", "level": "INFO", "logger": "httpx", "message": "HTTP Request: POST https://8cb3f0c3-cf4e-4d6a-b1b7-734720846f83.europe-west3-0.gcp.cloud.qdrant.io:6333/collections/gb-semantic-70p/points/scroll \"HTTP/1.1 200 OK\""}
{"ts": "2026-01-28T10:48:29.795083+00:00", "level": "INFO", "logger": "httpx", "message": "HTTP Request: POST https://8cb3f0c3-cf4e-4d6a-b1b7-734720846f83.europe-west3-0.gcp.cloud.qdrant.io:6333/collections/gb-semantic-70p/points/scroll \"HTTP/1.1 200 OK\""}
{"ts": "2026-01-28T10:48:29.875469+00:00", "level": "INFO", "logger": "httpx", "message": "HTTP Request: POST https://8cb3f0c3-cf4e-4d6a-b1b7-734720846f83.europe-west3-0.gcp.cloud.qdrant.io:6333/collections/gb-semantic-70p/points/scroll \"HTTP/1.1 200 OK\""}
{"ts": "2026-01-28T10:48:29.969130+00:00", "level": "INFO", "logger": "httpx", "message": "HTTP Request: POST https://8cb3f0c3-cf4e-4d6a-b1b7-734720846f83.europe-west3-0.gcp.cloud.qdrant.io:6333/collections/gb-semantic-70p/points/scroll \"HTTP/1.1 200 OK\""}
{"ts": "2026-01-28T10:48:30.049655+00:00", "level": "INFO", "logger": "httpx", "message": "HTTP Request: POST https://8cb3f0c3-cf4e-4d6a-b1b7-734720846f83.europe-west3-0.gcp.cloud.qdrant.io:6333/collections/gb-semantic-70p/points/scroll \"HTTP/1.1 200 OK\""}
{"ts": "2026-01-28T10:48:30.132749+00:00", "level": "INFO", "logger": "httpx", "message": "HTTP Request: POST https://8cb3f0c3-cf4e-4d6a-b1b7-734720846f83.europe-west3-0.gcp.cloud.qdrant.io:6333/collections/gb-semantic-70p/points/scroll \"HTTP/1.1 200 OK\""}
{"ts": "2026-01-28T10:48:30.207134+00:00", "level": "INFO", "logger": "httpx", "message": "HTTP Request: POST https://8cb3f0c3-cf4e-4d6a-b1b7-734720846f83.europe-west3-0.gcp.cloud.qdrant.io:6333/collections/gb-semantic-70p/points/scroll \"HTTP/1.1 200 OK\""}
{"ts": "2026-01-28T10:48:30.286627+00:00", "level": "INFO", "logger": "httpx", "message": "HTTP Request: POST https://8cb3f0c3-cf4e-4d6a-b1b7-734720846f83.europe-west3-0.gcp.cloud.qdrant.io:6333/collections/gb-semantic-70p/points/scroll \"HTTP/1.1 200 OK\""}
{"ts": "2026-01-28T10:48:30.376014+00:00", "level": "INFO", "logger": "httpx", "message": "HTTP Request: POST https://8cb3f0c3-cf4e-4d6a-b1b7-734720846f83.europe-west3-0.gcp.cloud.qdrant.io:6333/collections/gb-semantic-70p/points/scroll \"HTTP/1.1 200 OK\""}
{"ts": "2026-01-28T10:48:30.454606+00:00", "level": "INFO", "logger": "httpx", "message": "HTTP Request: POST https://8cb3f0c3-cf4e-4d6a-b1b7-734720846f83.europe-west3-0.gcp.cloud.qdrant.io:6333/collections/gb-semantic-70p/points/scroll \"HTTP/1.1 200 OK\""}
{"ts": "2026-01-28T10:48:30.545140+00:00", "level": "INFO", "logger": "httpx", "message": "HTTP Request: POST https://8cb3f0c3-cf4e-4d6a-b1b7-734720846f83.europe-west3-0.gcp.cloud.qdrant.io:6333/collections/gb-semantic-70p/points/scroll \"HTTP/1.1 200 OK\""}
{"ts": "2026-01-28T10:48:30.632952+00:00", "level": "INFO", "logger": "httpx", "message": "HTTP Request: POST https://8cb3f0c3-cf4e-4d6a-b1b7-734720846f83.europe-west3-0.gcp.cloud.qdrant.io:6333/collections/gb-semantic-70p/points/scroll \"HTTP/1.1 200 OK\""}
{"ts": "2026-01-28T10:48:30.708442+00:00", "level": "INFO", "logger": "httpx", "message": "HTTP Request: POST https://8cb3f0c3-cf4e-4d6a-b1b7-734720846f83.europe-west3-0.gcp.cloud.qdrant.io:6333/collections/gb-semantic-70p/points/scroll \"HTTP/1.1 200 OK\""}
{"ts": "2026-01-28T10:48:30.793263+00:00", "level": "INFO", "logger": "httpx", "message": "HTTP Request: POST https://8cb3f0c3-cf4e-4d6a-b1b7-734720846f83.europe-west3-0.gcp.cloud.qdrant.io:6333/collections/gb-semantic-70p/points/scroll \"HTTP/1.1 200 OK\""}
{"ts": "2026-01-28T10:48:30.865916+00:00", "level": "INFO", "logger": "httpx", "message": "HTTP Request: POST https://8cb3f0c3-cf4e-4d6a-b1b7-734720846f83.europe-west3-0.gcp.cloud.qdrant.io:6333/collections/gb-semantic-70p/points/scroll \"HTTP/1.1 200 OK\""}
{"ts": "2026-01-28T10:48:30.874149+00:00", "level": "INFO", "logger": "uvicorn.error", "message": "Application startup complete."}
{"ts": "2026-01-28T10:48:44.022053+00:00", "level": "INFO", "logger": "uvicorn.access", "message": "127.0.0.1:61793 - \"GET / HTTP/1.1\" 404"}
{"ts": "2026-01-28T10:48:44.068797+00:00", "level": "INFO", "logger": "uvicorn.access", "message": "127.0.0.1:61793 - \"GET /favicon.ico HTTP/1.1\" 404"}
{"ts": "2026-01-28T10:48:51.633582+00:00", "level": "INFO", "logger": "uvicorn.access", "message": "127.0.0.1:55043 - \"GET /docs HTTP/1.1\" 200"}
{"ts": "2026-01-28T10:48:51.940210+00:00", "level": "INFO", "logger": "uvicorn.access", "message": "127.0.0.1:55043 - \"GET /openapi.json HTTP/1.1\" 200"}
{"ts": "2026-01-28T10:49:46.422009+00:00", "level": "INFO", "logger": "httpx", "message": "HTTP Request: GET https://8cb3f0c3-cf4e-4d6a-b1b7-734720846f83.europe-west3-0.gcp.cloud.qdrant.io:6333 \"HTTP/1.1 200 OK\""}
{"ts": "2026-01-28T10:49:46.578570+00:00", "level": "INFO", "logger": "httpx", "message": "HTTP Request: GET https://8cb3f0c3-cf4e-4d6a-b1b7-734720846f83.europe-west3-0.gcp.cloud.qdrant.io:6333/collections/gb-semantic-70p/exists \"HTTP/1.1 200 OK\""}
{"ts": "2026-01-28T10:49:46.640265+00:00", "level": "INFO", "logger": "httpx", "message": "HTTP Request: POST https://8cb3f0c3-cf4e-4d6a-b1b7-734720846f83.europe-west3-0.gcp.cloud.qdrant.io:6333/collections/gb-semantic-70p/points/count \"HTTP/1.1 200 OK\""}
{"ts": "2026-01-28T10:49:46.701007+00:00", "level": "INFO", "logger": "httpx", "message": "HTTP Request: POST https://8cb3f0c3-cf4e-4d6a-b1b7-734720846f83.europe-west3-0.gcp.cloud.qdrant.io:6333/collections/gb-semantic-70p/points/scroll \"HTTP/1.1 200 OK\""}
{"ts": "2026-01-28T10:49:46.708142+00:00", "level": "INFO", "logger": "uvicorn.access", "message": "127.0.0.1:60828 - \"GET /v1/index/documents/?skip=0&take=10&query=Alice&is_test=false HTTP/1.1\" 200"}
{"ts": "2026-01-28T10:51:01.573879+00:00", "level": "INFO", "logger": "sqlalchemy.engine.Engine", "message": "BEGIN (implicit)"}
{"ts": "2026-01-28T10:51:01.578018+00:00", "level": "INFO", "logger": "sqlalchemy.engine.Engine", "message": "SELECT book_metadata.gb_id, book_metadata.title, book_metadata.authors, book_metadata.created_at, book_metadata.summary \nFROM book_metadata \nWHERE book_metadata.gb_id IN ($1::INTEGER)"}
{"ts": "2026-01-28T10:51:01.578488+00:00", "level": "INFO", "logger": "sqlalchemy.engine.Engine", "message": "[generated in 0.00071s] (11,)"}
{"ts": "2026-01-28T10:51:01.704013+00:00", "level": "INFO", "logger": "uvicorn.access", "message": "127.0.0.1:52900 - \"GET /v1/books/11 HTTP/1.1\" 200"}
{"ts": "2026-01-28T10:51:01.704508+00:00", "level": "INFO", "logger": "sqlalchemy.engine.Engine", "message": "ROLLBACK"}
{"ts": "2026-01-28T10:51:06.296590+00:00", "level": "INFO", "logger": "sqlalchemy.engine.Engine", "message": "BEGIN (implicit)"}
{"ts": "2026-01-28T10:51:06.297250+00:00", "level": "INFO", "logger": "sqlalchemy.engine.Engine", "message": "SELECT book_metadata.gb_id, book_metadata.title, book_metadata.authors, book_metadata.created_at, book_metadata.summary \nFROM book_metadata \nWHERE book_metadata.gb_id IN ($1::INTEGER)"}
{"ts": "2026-01-28T10:51:06.297840+00:00", "level": "INFO", "logger": "sqlalchemy.engine.Engine", "message": "[cached since 4.72s ago] (4421321,)"}
{"ts": "2026-01-28T10:51:06.367490+00:00", "level": "INFO", "logger": "sqlalchemy.engine.Engine", "message": "ROLLBACK"}
{"ts": "2026-01-28T10:51:06.402759+00:00", "level": "INFO", "logger": "uvicorn.access", "message": "127.0.0.1:52900 - \"GET /v1/books/4421321 HTTP/1.1\" 404"}
{"ts": "2026-01-28T10:51:16.382491+00:00", "level": "INFO", "logger": "sqlalchemy.engine.Engine", "message": "BEGIN (implicit)"}
{"ts": "2026-01-28T10:51:16.383819+00:00", "level": "INFO", "logger": "sqlalchemy.engine.Engine", "message": "SELECT book_metadata.gb_id, book_metadata.title, book_metadata.authors, book_metadata.created_at, book_metadata.summary \nFROM book_metadata \nWHERE book_metadata.title ILIKE $1::VARCHAR"}
{"ts": "2026-01-28T10:51:16.384236+00:00", "level": "INFO", "logger": "sqlalchemy.engine.Engine", "message": "[generated in 0.00059s] ('%Alice%',)"}
{"ts": "2026-01-28T10:51:16.497571+00:00", "level": "INFO", "logger": "uvicorn.access", "message": "127.0.0.1:57023 - \"GET /v1/books/search?title=Alice HTTP/1.1\" 200"}
{"ts": "2026-01-28T10:51:16.498641+00:00", "level": "INFO", "logger": "sqlalchemy.engine.Engine", "message": "ROLLBACK"}
{"ts": "2026-01-28T10:51:19.756556+00:00", "level": "INFO", "logger": "sqlalchemy.engine.Engine", "message": "BEGIN (implicit)"}
{"ts": "2026-01-28T10:51:19.757184+00:00", "level": "INFO", "logger": "sqlalchemy.engine.Engine", "message": "SELECT book_metadata.gb_id, book_metadata.title, book_metadata.authors, book_metadata.created_at, book_metadata.summary \nFROM book_metadata \nWHERE book_metadata.title ILIKE $1::VARCHAR"}
{"ts": "2026-01-28T10:51:19.757916+00:00", "level": "INFO", "logger": "sqlalchemy.engine.Engine", "message": "[cached since 3.374s ago] ('%Alice%',)"}
{"ts": "2026-01-28T10:51:19.825068+00:00", "level": "INFO", "logger": "uvicorn.access", "message": "127.0.0.1:57023 - \"GET /v1/books/search?title=Alice HTTP/1.1\" 200"}
{"ts": "2026-01-28T10:51:19.825507+00:00", "level": "INFO", "logger": "sqlalchemy.engine.Engine", "message": "ROLLBACK"}
{"ts": "2026-01-28T10:51:23.053484+00:00", "level": "INFO", "logger": "sqlalchemy.engine.Engine", "message": "BEGIN (implicit)"}
{"ts": "2026-01-28T10:51:23.053958+00:00", "level": "INFO", "logger": "sqlalchemy.engine.Engine", "message": "SELECT book_metadata.gb_id, book_metadata.title, book_metadata.authors, book_metadata.created_at, book_metadata.summary \nFROM book_metadata \nWHERE book_metadata.title ILIKE $1::VARCHAR"}
{"ts": "2026-01-28T10:51:23.054290+00:00", "level": "INFO", "logger": "sqlalchemy.engine.Engine", "message": "[cached since 6.671s ago] ('%Joe%',)"}
{"ts": "2026-01-28T10:51:23.120181+00:00", "level": "INFO", "logger": "uvicorn.access", "message": "127.0.0.1:57023 - \"GET /v1/books/search?title=Joe HTTP/1.1\" 200"}
{"ts": "2026-01-28T10:51:23.120717+00:00", "level": "INFO", "logger": "sqlalchemy.engine.Engine", "message": "ROLLBACK"}
{"ts": "2026-01-28T11:04:27.383582+00:00", "level": "WARNING", "logger": "uvicorn.error", "message": "WatchFiles detected changes in 'ingestion\\book_loader.py', 'config\\logging_config.py', 'moby.py'. Reloading..."}
{"ts": "2026-01-28T11:04:27.479177+00:00", "level": "INFO", "logger": "uvicorn.error", "message": "Shutting down"}
{"ts": "2026-01-28T11:04:27.589451+00:00", "level": "INFO", "logger": "uvicorn.error", "message": "Waiting for application shutdown."}
{"ts": "2026-01-28T11:04:27.619739+00:00", "level": "INFO", "logger": "uvicorn.error", "message": "Application shutdown complete."}
{"ts": "2026-01-28T11:04:27.620309+00:00", "level": "INFO", "logger": "uvicorn.error", "message": "Finished server process [21780]"}
{"ts": "2026-01-28T11:04:28.874956+00:00", "level": "WARNING", "logger": "uvicorn.error", "message": "WatchFiles detected changes in 'main.py'. Reloading..."}
{"ts": "2026-01-28T11:04:33.592871+00:00", "level": "INFO", "logger": "uvicorn.error", "message": "Started server process [22300]"}
{"ts": "2026-01-28T11:04:33.593317+00:00", "level": "INFO", "logger": "uvicorn.error", "message": "Waiting for application startup."}
{"ts": "2026-01-28T11:04:34.052878+00:00", "level": "INFO", "logger": "sqlalchemy.engine.Engine", "message": "select pg_catalog.version()"}
{"ts": "2026-01-28T11:04:34.053141+00:00", "level": "INFO", "logger": "sqlalchemy.engine.Engine", "message": "[raw sql] ()"}
{"ts": "2026-01-28T11:04:34.191771+00:00", "level": "INFO", "logger": "sqlalchemy.engine.Engine", "message": "select current_schema()"}
{"ts": "2026-01-28T11:04:34.192075+00:00", "level": "INFO", "logger": "sqlalchemy.engine.Engine", "message": "[raw sql] ()"}
{"ts": "2026-01-28T11:04:34.330841+00:00", "level": "INFO", "logger": "sqlalchemy.engine.Engine", "message": "show standard_conforming_strings"}
{"ts": "2026-01-28T11:04:34.331446+00:00", "level": "INFO", "logger": "sqlalchemy.engine.Engine", "message": "[raw sql] ()"}
{"ts": "2026-01-28T11:04:34.459090+00:00", "level": "INFO", "logger": "sqlalchemy.engine.Engine", "message": "BEGIN (implicit)"}
{"ts": "2026-01-28T11:04:34.467527+00:00", "level": "INFO", "logger": "sqlalchemy.engine.Engine", "message": "SELECT pg_catalog.pg_class.relname \nFROM pg_catalog.pg_class JOIN pg_catalog.pg_namespace ON pg_catalog.pg_namespace.oid = pg_catalog.pg_class.relnamespace \nWHERE pg_catalog.pg_class.relname = $1::VARCHAR AND pg_catalog.pg_class.relkind = ANY (ARRAY[$2::VARCHAR, $3::VARCHAR, $4::VARCHAR, $5::VARCHAR, $6::VARCHAR]) AND pg_catalog.pg_table_is_visible(pg_catalog.pg_class.oid) AND pg_catalog.pg_namespace.nspname != $7::VARCHAR"}
{"ts": "2026-01-28T11:04:34.468211+00:00", "level": "INFO", "logger": "sqlalchemy.engine.Engine", "message": "[generated in 0.00088s] ('book_metadata', 'r', 'p', 'f', 'v', 'm', 'pg_catalog')"}
{"ts": "2026-01-28T11:04:34.590803+00:00", "level": "INFO", "logger": "sqlalchemy.engine.Engine", "message": "SELECT pg_catalog.pg_class.relname \nFROM pg_catalog.pg_class JOIN pg_catalog.pg_namespace ON pg_catalog.pg_namespace.oid = pg_catalog.pg_class.relnamespace \nWHERE pg_catalog.pg_class.relname = $1::VARCHAR AND pg_catalog.pg_class.relkind = ANY (ARRAY[$2::VARCHAR, $3::VARCHAR, $4::VARCHAR, $5::VARCHAR, $6::VARCHAR]) AND pg_catalog.pg_table_is_visible(pg_catalog.pg_class.oid) AND pg_catalog.pg_namespace.nspname != $7::VARCHAR"}
{"ts": "2026-01-28T11:04:34.591083+00:00", "level": "INFO", "logger": "sqlalchemy.engine.Engine", "message": "[cached since 0.124s ago] ('book_chunk_stats', 'r', 'p', 'f', 'v', 'm', 'pg_catalog')"}
{"ts": "2026-01-28T11:04:34.621487+00:00", "level": "INFO", "logger": "sqlalchemy.engine.Engine", "message": "COMMIT"}
{"ts": "2026-01-28T11:04:34.651165+00:00", "level": "INFO", "logger": "app.lifecycle", "message": "DEF GB SEEDS: [1661, 42, 1404, 2701, 2680, 8492, 84, 16328, 29558, 11]"}
{"ts": "2026-01-28T11:04:35.584737+00:00", "level": "INFO", "logger": "httpx", "message": "HTTP Request: GET https://8cb3f0c3-cf4e-4d6a-b1b7-734720846f83.europe-west3-0.gcp.cloud.qdrant.io:6333 \"HTTP/1.1 200 OK\""}
{"ts": "2026-01-28T11:04:35.753672+00:00", "level": "INFO", "logger": "httpx", "message": "HTTP Request: GET https://8cb3f0c3-cf4e-4d6a-b1b7-734720846f83.europe-west3-0.gcp.cloud.qdrant.io:6333/collections/gb-semantic-70p/exists \"HTTP/1.1 200 OK\""}
{"ts": "2026-01-28T11:04:35.836429+00:00", "level": "INFO", "logger": "httpx", "message": "HTTP Request: POST https://8cb3f0c3-cf4e-4d6a-b1b7-734720846f83.europe-west3-0.gcp.cloud.qdrant.io:6333/collections/gb-semantic-70p/points/scroll \"HTTP/1.1 200 OK\""}
{"ts": "2026-01-28T11:04:36.033670+00:00", "level": "INFO", "logger": "httpx", "message": "HTTP Request: POST https://8cb3f0c3-cf4e-4d6a-b1b7-734720846f83.europe-west3-0.gcp.cloud.qdrant.io:6333/collections/gb-semantic-70p/points/scroll \"HTTP/1.1 200 OK\""}
{"ts": "2026-01-28T11:04:36.111850+00:00", "level": "INFO", "logger": "httpx", "message": "HTTP Request: POST https://8cb3f0c3-cf4e-4d6a-b1b7-734720846f83.europe-west3-0.gcp.cloud.qdrant.io:6333/collections/gb-semantic-70p/points/scroll \"HTTP/1.1 200 OK\""}
{"ts": "2026-01-28T11:04:36.182565+00:00", "level": "INFO", "logger": "httpx", "message": "HTTP Request: POST https://8cb3f0c3-cf4e-4d6a-b1b7-734720846f83.europe-west3-0.gcp.cloud.qdrant.io:6333/collections/gb-semantic-70p/points/scroll \"HTTP/1.1 200 OK\""}
{"ts": "2026-01-28T11:04:36.254216+00:00", "level": "INFO", "logger": "httpx", "message": "HTTP Request: POST https://8cb3f0c3-cf4e-4d6a-b1b7-734720846f83.europe-west3-0.gcp.cloud.qdrant.io:6333/collections/gb-semantic-70p/points/scroll \"HTTP/1.1 200 OK\""}
{"ts": "2026-01-28T11:04:36.331075+00:00", "level": "INFO", "logger": "httpx", "message": "HTTP Request: POST https://8cb3f0c3-cf4e-4d6a-b1b7-734720846f83.europe-west3-0.gcp.cloud.qdrant.io:6333/collections/gb-semantic-70p/points/scroll \"HTTP/1.1 200 OK\""}
{"ts": "2026-01-28T11:04:36.409645+00:00", "level": "INFO", "logger": "httpx", "message": "HTTP Request: POST https://8cb3f0c3-cf4e-4d6a-b1b7-734720846f83.europe-west3-0.gcp.cloud.qdrant.io:6333/collections/gb-semantic-70p/points/scroll \"HTTP/1.1 200 OK\""}
{"ts": "2026-01-28T11:04:36.488878+00:00", "level": "INFO", "logger": "httpx", "message": "HTTP Request: POST https://8cb3f0c3-cf4e-4d6a-b1b7-734720846f83.europe-west3-0.gcp.cloud.qdrant.io:6333/collections/gb-semantic-70p/points/scroll \"HTTP/1.1 200 OK\""}
{"ts": "2026-01-28T11:04:36.561970+00:00", "level": "INFO", "logger": "httpx", "message": "HTTP Request: POST https://8cb3f0c3-cf4e-4d6a-b1b7-734720846f83.europe-west3-0.gcp.cloud.qdrant.io:6333/collections/gb-semantic-70p/points/scroll \"HTTP/1.1 200 OK\""}
{"ts": "2026-01-28T11:04:36.635832+00:00", "level": "INFO", "logger": "httpx", "message": "HTTP Request: POST https://8cb3f0c3-cf4e-4d6a-b1b7-734720846f83.europe-west3-0.gcp.cloud.qdrant.io:6333/collections/gb-semantic-70p/points/scroll \"HTTP/1.1 200 OK\""}
{"ts": "2026-01-28T11:04:36.710447+00:00", "level": "INFO", "logger": "httpx", "message": "HTTP Request: POST https://8cb3f0c3-cf4e-4d6a-b1b7-734720846f83.europe-west3-0.gcp.cloud.qdrant.io:6333/collections/gb-semantic-70p/points/scroll \"HTTP/1.1 200 OK\""}
{"ts": "2026-01-28T11:04:36.785303+00:00", "level": "INFO", "logger": "httpx", "message": "HTTP Request: POST https://8cb3f0c3-cf4e-4d6a-b1b7-734720846f83.europe-west3-0.gcp.cloud.qdrant.io:6333/collections/gb-semantic-70p/points/scroll \"HTTP/1.1 200 OK\""}
{"ts": "2026-01-28T11:04:36.860849+00:00", "level": "INFO", "logger": "httpx", "message": "HTTP Request: POST https://8cb3f0c3-cf4e-4d6a-b1b7-734720846f83.europe-west3-0.gcp.cloud.qdrant.io:6333/collections/gb-semantic-70p/points/scroll \"HTTP/1.1 200 OK\""}
{"ts": "2026-01-28T11:04:36.944552+00:00", "level": "INFO", "logger": "httpx", "message": "HTTP Request: POST https://8cb3f0c3-cf4e-4d6a-b1b7-734720846f83.europe-west3-0.gcp.cloud.qdrant.io:6333/collections/gb-semantic-70p/points/scroll \"HTTP/1.1 200 OK\""}
{"ts": "2026-01-28T11:04:37.032255+00:00", "level": "INFO", "logger": "httpx", "message": "HTTP Request: POST https://8cb3f0c3-cf4e-4d6a-b1b7-734720846f83.europe-west3-0.gcp.cloud.qdrant.io:6333/collections/gb-semantic-70p/points/scroll \"HTTP/1.1 200 OK\""}
{"ts": "2026-01-28T11:04:37.103834+00:00", "level": "INFO", "logger": "httpx", "message": "HTTP Request: POST https://8cb3f0c3-cf4e-4d6a-b1b7-734720846f83.europe-west3-0.gcp.cloud.qdrant.io:6333/collections/gb-semantic-70p/points/scroll \"HTTP/1.1 200 OK\""}
{"ts": "2026-01-28T11:04:37.184809+00:00", "level": "INFO", "logger": "httpx", "message": "HTTP Request: POST https://8cb3f0c3-cf4e-4d6a-b1b7-734720846f83.europe-west3-0.gcp.cloud.qdrant.io:6333/collections/gb-semantic-70p/points/scroll \"HTTP/1.1 200 OK\""}
{"ts": "2026-01-28T11:04:37.262373+00:00", "level": "INFO", "logger": "httpx", "message": "HTTP Request: POST https://8cb3f0c3-cf4e-4d6a-b1b7-734720846f83.europe-west3-0.gcp.cloud.qdrant.io:6333/collections/gb-semantic-70p/points/scroll \"HTTP/1.1 200 OK\""}
{"ts": "2026-01-28T11:04:37.339190+00:00", "level": "INFO", "logger": "httpx", "message": "HTTP Request: POST https://8cb3f0c3-cf4e-4d6a-b1b7-734720846f83.europe-west3-0.gcp.cloud.qdrant.io:6333/collections/gb-semantic-70p/points/scroll \"HTTP/1.1 200 OK\""}
{"ts": "2026-01-28T11:04:37.411198+00:00", "level": "INFO", "logger": "httpx", "message": "HTTP Request: POST https://8cb3f0c3-cf4e-4d6a-b1b7-734720846f83.europe-west3-0.gcp.cloud.qdrant.io:6333/collections/gb-semantic-70p/points/scroll \"HTTP/1.1 200 OK\""}
{"ts": "2026-01-28T11:04:37.493876+00:00", "level": "INFO", "logger": "httpx", "message": "HTTP Request: POST https://8cb3f0c3-cf4e-4d6a-b1b7-734720846f83.europe-west3-0.gcp.cloud.qdrant.io:6333/collections/gb-semantic-70p/points/scroll \"HTTP/1.1 200 OK\""}
{"ts": "2026-01-28T11:04:37.569860+00:00", "level": "INFO", "logger": "httpx", "message": "HTTP Request: POST https://8cb3f0c3-cf4e-4d6a-b1b7-734720846f83.europe-west3-0.gcp.cloud.qdrant.io:6333/collections/gb-semantic-70p/points/scroll \"HTTP/1.1 200 OK\""}
{"ts": "2026-01-28T11:04:37.645112+00:00", "level": "INFO", "logger": "httpx", "message": "HTTP Request: POST https://8cb3f0c3-cf4e-4d6a-b1b7-734720846f83.europe-west3-0.gcp.cloud.qdrant.io:6333/collections/gb-semantic-70p/points/scroll \"HTTP/1.1 200 OK\""}
{"ts": "2026-01-28T11:04:37.717192+00:00", "level": "INFO", "logger": "httpx", "message": "HTTP Request: POST https://8cb3f0c3-cf4e-4d6a-b1b7-734720846f83.europe-west3-0.gcp.cloud.qdrant.io:6333/collections/gb-semantic-70p/points/scroll \"HTTP/1.1 200 OK\""}
{"ts": "2026-01-28T11:04:37.788562+00:00", "level": "INFO", "logger": "httpx", "message": "HTTP Request: POST https://8cb3f0c3-cf4e-4d6a-b1b7-734720846f83.europe-west3-0.gcp.cloud.qdrant.io:6333/collections/gb-semantic-70p/points/scroll \"HTTP/1.1 200 OK\""}
{"ts": "2026-01-28T11:04:37.860470+00:00", "level": "INFO", "logger": "httpx", "message": "HTTP Request: POST https://8cb3f0c3-cf4e-4d6a-b1b7-734720846f83.europe-west3-0.gcp.cloud.qdrant.io:6333/collections/gb-semantic-70p/points/scroll \"HTTP/1.1 200 OK\""}
{"ts": "2026-01-28T11:04:37.869683+00:00", "level": "INFO", "logger": "root", "message": "--- Missing book ids: set()"}
{"ts": "2026-01-28T11:04:37.872579+00:00", "level": "INFO", "logger": "uvicorn.error", "message": "Application startup complete."}
{"ts": "2026-01-28T11:04:37.886225+00:00", "level": "ERROR", "logger": "uvicorn.error", "message": "Traceback (most recent call last):\n  File \"C:\\Program Files\\WindowsApps\\PythonSoftwareFoundation.Python.3.13_3.13.2544.0_x64__qbz5n2kfra8p0\\Lib\\asyncio\\runners.py\", line 118, in run\n    return self._loop.run_until_complete(task)\n           ~~~~~~~~~~~~~~~~~~~~~~~~~~~~~^^^^^^\n  File \"C:\\Program Files\\WindowsApps\\PythonSoftwareFoundation.Python.3.13_3.13.2544.0_x64__qbz5n2kfra8p0\\Lib\\asyncio\\base_events.py\", line 725, in run_until_complete\n    return future.result()\n           ~~~~~~~~~~~~~^^\nasyncio.exceptions.CancelledError\n\nDuring handling of the above exception, another exception occurred:\n\nTraceback (most recent call last):\n  File \"C:\\Program Files\\WindowsApps\\PythonSoftwareFoundation.Python.3.13_3.13.2544.0_x64__qbz5n2kfra8p0\\Lib\\asyncio\\runners.py\", line 195, in run\n    return runner.run(main)\n           ~~~~~~~~~~^^^^^^\n  File \"C:\\Program Files\\WindowsApps\\PythonSoftwareFoundation.Python.3.13_3.13.2544.0_x64__qbz5n2kfra8p0\\Lib\\asyncio\\runners.py\", line 123, in run\n    raise KeyboardInterrupt()\nKeyboardInterrupt\n\nDuring handling of the above exception, another exception occurred:\n\nTraceback (most recent call last):\n  File \"C:\\Users\\alext\\Documents\\Code\\RAG\\mobyRag\\venv\\Lib\\site-packages\\starlette\\routing.py\", line 701, in lifespan\n    await receive()\n  File \"C:\\Users\\alext\\Documents\\Code\\RAG\\mobyRag\\venv\\Lib\\site-packages\\uvicorn\\lifespan\\on.py\", line 137, in receive\n    return await self.receive_queue.get()\n           ^^^^^^^^^^^^^^^^^^^^^^^^^^^^^^\n  File \"C:\\Program Files\\WindowsApps\\PythonSoftwareFoundation.Python.3.13_3.13.2544.0_x64__qbz5n2kfra8p0\\Lib\\asyncio\\queues.py\", line 186, in get\n    await getter\nasyncio.exceptions.CancelledError\n"}
{"ts": "2026-01-28T11:04:43.675822+00:00", "level": "INFO", "logger": "uvicorn.error", "message": "Started server process [18820]"}
{"ts": "2026-01-28T11:04:43.676369+00:00", "level": "INFO", "logger": "uvicorn.error", "message": "Waiting for application startup."}
{"ts": "2026-01-28T11:04:44.077888+00:00", "level": "INFO", "logger": "sqlalchemy.engine.Engine", "message": "select pg_catalog.version()"}
{"ts": "2026-01-28T11:04:44.078938+00:00", "level": "INFO", "logger": "sqlalchemy.engine.Engine", "message": "[raw sql] ()"}
{"ts": "2026-01-28T11:04:44.208540+00:00", "level": "INFO", "logger": "sqlalchemy.engine.Engine", "message": "select current_schema()"}
{"ts": "2026-01-28T11:04:44.209423+00:00", "level": "INFO", "logger": "sqlalchemy.engine.Engine", "message": "[raw sql] ()"}
{"ts": "2026-01-28T11:04:44.339673+00:00", "level": "INFO", "logger": "sqlalchemy.engine.Engine", "message": "show standard_conforming_strings"}
{"ts": "2026-01-28T11:04:44.340579+00:00", "level": "INFO", "logger": "sqlalchemy.engine.Engine", "message": "[raw sql] ()"}
{"ts": "2026-01-28T11:04:44.437844+00:00", "level": "INFO", "logger": "sqlalchemy.engine.Engine", "message": "BEGIN (implicit)"}
{"ts": "2026-01-28T11:04:44.444926+00:00", "level": "INFO", "logger": "sqlalchemy.engine.Engine", "message": "SELECT pg_catalog.pg_class.relname \nFROM pg_catalog.pg_class JOIN pg_catalog.pg_namespace ON pg_catalog.pg_namespace.oid = pg_catalog.pg_class.relnamespace \nWHERE pg_catalog.pg_class.relname = $1::VARCHAR AND pg_catalog.pg_class.relkind = ANY (ARRAY[$2::VARCHAR, $3::VARCHAR, $4::VARCHAR, $5::VARCHAR, $6::VARCHAR]) AND pg_catalog.pg_table_is_visible(pg_catalog.pg_class.oid) AND pg_catalog.pg_namespace.nspname != $7::VARCHAR"}
{"ts": "2026-01-28T11:04:44.445506+00:00", "level": "INFO", "logger": "sqlalchemy.engine.Engine", "message": "[generated in 0.00086s] ('book_metadata', 'r', 'p', 'f', 'v', 'm', 'pg_catalog')"}
{"ts": "2026-01-28T11:04:44.541547+00:00", "level": "INFO", "logger": "sqlalchemy.engine.Engine", "message": "SELECT pg_catalog.pg_class.relname \nFROM pg_catalog.pg_class JOIN pg_catalog.pg_namespace ON pg_catalog.pg_namespace.oid = pg_catalog.pg_class.relnamespace \nWHERE pg_catalog.pg_class.relname = $1::VARCHAR AND pg_catalog.pg_class.relkind = ANY (ARRAY[$2::VARCHAR, $3::VARCHAR, $4::VARCHAR, $5::VARCHAR, $6::VARCHAR]) AND pg_catalog.pg_table_is_visible(pg_catalog.pg_class.oid) AND pg_catalog.pg_namespace.nspname != $7::VARCHAR"}
{"ts": "2026-01-28T11:04:44.542630+00:00", "level": "INFO", "logger": "sqlalchemy.engine.Engine", "message": "[cached since 0.09768s ago] ('book_chunk_stats', 'r', 'p', 'f', 'v', 'm', 'pg_catalog')"}
{"ts": "2026-01-28T11:04:44.578462+00:00", "level": "INFO", "logger": "sqlalchemy.engine.Engine", "message": "COMMIT"}
{"ts": "2026-01-28T11:04:44.610086+00:00", "level": "INFO", "logger": "app.lifecycle", "message": "DEF GB SEEDS: [1661, 42, 1404, 2701, 2680, 8492, 84, 16328, 29558, 11]"}
{"ts": "2026-01-28T11:04:45.478683+00:00", "level": "INFO", "logger": "httpx", "message": "HTTP Request: GET https://8cb3f0c3-cf4e-4d6a-b1b7-734720846f83.europe-west3-0.gcp.cloud.qdrant.io:6333 \"HTTP/1.1 200 OK\""}
{"ts": "2026-01-28T11:04:45.643345+00:00", "level": "INFO", "logger": "httpx", "message": "HTTP Request: GET https://8cb3f0c3-cf4e-4d6a-b1b7-734720846f83.europe-west3-0.gcp.cloud.qdrant.io:6333/collections/gb-semantic-70p/exists \"HTTP/1.1 200 OK\""}
{"ts": "2026-01-28T11:04:45.705191+00:00", "level": "INFO", "logger": "httpx", "message": "HTTP Request: POST https://8cb3f0c3-cf4e-4d6a-b1b7-734720846f83.europe-west3-0.gcp.cloud.qdrant.io:6333/collections/gb-semantic-70p/points/scroll \"HTTP/1.1 200 OK\""}
{"ts": "2026-01-28T11:04:45.903322+00:00", "level": "INFO", "logger": "httpx", "message": "HTTP Request: POST https://8cb3f0c3-cf4e-4d6a-b1b7-734720846f83.europe-west3-0.gcp.cloud.qdrant.io:6333/collections/gb-semantic-70p/points/scroll \"HTTP/1.1 200 OK\""}
{"ts": "2026-01-28T11:04:46.045224+00:00", "level": "INFO", "logger": "httpx", "message": "HTTP Request: POST https://8cb3f0c3-cf4e-4d6a-b1b7-734720846f83.europe-west3-0.gcp.cloud.qdrant.io:6333/collections/gb-semantic-70p/points/scroll \"HTTP/1.1 200 OK\""}
{"ts": "2026-01-28T11:04:46.219356+00:00", "level": "INFO", "logger": "httpx", "message": "HTTP Request: POST https://8cb3f0c3-cf4e-4d6a-b1b7-734720846f83.europe-west3-0.gcp.cloud.qdrant.io:6333/collections/gb-semantic-70p/points/scroll \"HTTP/1.1 200 OK\""}
{"ts": "2026-01-28T11:04:46.288047+00:00", "level": "INFO", "logger": "httpx", "message": "HTTP Request: POST https://8cb3f0c3-cf4e-4d6a-b1b7-734720846f83.europe-west3-0.gcp.cloud.qdrant.io:6333/collections/gb-semantic-70p/points/scroll \"HTTP/1.1 200 OK\""}
{"ts": "2026-01-28T11:04:46.384226+00:00", "level": "INFO", "logger": "httpx", "message": "HTTP Request: POST https://8cb3f0c3-cf4e-4d6a-b1b7-734720846f83.europe-west3-0.gcp.cloud.qdrant.io:6333/collections/gb-semantic-70p/points/scroll \"HTTP/1.1 200 OK\""}
{"ts": "2026-01-28T11:04:46.460369+00:00", "level": "INFO", "logger": "httpx", "message": "HTTP Request: POST https://8cb3f0c3-cf4e-4d6a-b1b7-734720846f83.europe-west3-0.gcp.cloud.qdrant.io:6333/collections/gb-semantic-70p/points/scroll \"HTTP/1.1 200 OK\""}
{"ts": "2026-01-28T11:04:46.534805+00:00", "level": "INFO", "logger": "httpx", "message": "HTTP Request: POST https://8cb3f0c3-cf4e-4d6a-b1b7-734720846f83.europe-west3-0.gcp.cloud.qdrant.io:6333/collections/gb-semantic-70p/points/scroll \"HTTP/1.1 200 OK\""}
{"ts": "2026-01-28T11:04:46.608198+00:00", "level": "INFO", "logger": "httpx", "message": "HTTP Request: POST https://8cb3f0c3-cf4e-4d6a-b1b7-734720846f83.europe-west3-0.gcp.cloud.qdrant.io:6333/collections/gb-semantic-70p/points/scroll \"HTTP/1.1 200 OK\""}
{"ts": "2026-01-28T11:04:46.678893+00:00", "level": "INFO", "logger": "httpx", "message": "HTTP Request: POST https://8cb3f0c3-cf4e-4d6a-b1b7-734720846f83.europe-west3-0.gcp.cloud.qdrant.io:6333/collections/gb-semantic-70p/points/scroll \"HTTP/1.1 200 OK\""}
{"ts": "2026-01-28T11:04:46.754547+00:00", "level": "INFO", "logger": "httpx", "message": "HTTP Request: POST https://8cb3f0c3-cf4e-4d6a-b1b7-734720846f83.europe-west3-0.gcp.cloud.qdrant.io:6333/collections/gb-semantic-70p/points/scroll \"HTTP/1.1 200 OK\""}
{"ts": "2026-01-28T11:04:46.826609+00:00", "level": "INFO", "logger": "httpx", "message": "HTTP Request: POST https://8cb3f0c3-cf4e-4d6a-b1b7-734720846f83.europe-west3-0.gcp.cloud.qdrant.io:6333/collections/gb-semantic-70p/points/scroll \"HTTP/1.1 200 OK\""}
{"ts": "2026-01-28T11:04:46.905450+00:00", "level": "INFO", "logger": "httpx", "message": "HTTP Request: POST https://8cb3f0c3-cf4e-4d6a-b1b7-734720846f83.europe-west3-0.gcp.cloud.qdrant.io:6333/collections/gb-semantic-70p/points/scroll \"HTTP/1.1 200 OK\""}
{"ts": "2026-01-28T11:04:46.978263+00:00", "level": "INFO", "logger": "httpx", "message": "HTTP Request: POST https://8cb3f0c3-cf4e-4d6a-b1b7-734720846f83.europe-west3-0.gcp.cloud.qdrant.io:6333/collections/gb-semantic-70p/points/scroll \"HTTP/1.1 200 OK\""}
{"ts": "2026-01-28T11:04:47.048677+00:00", "level": "INFO", "logger": "httpx", "message": "HTTP Request: POST https://8cb3f0c3-cf4e-4d6a-b1b7-734720846f83.europe-west3-0.gcp.cloud.qdrant.io:6333/collections/gb-semantic-70p/points/scroll \"HTTP/1.1 200 OK\""}
{"ts": "2026-01-28T11:04:47.142049+00:00", "level": "INFO", "logger": "httpx", "message": "HTTP Request: POST https://8cb3f0c3-cf4e-4d6a-b1b7-734720846f83.europe-west3-0.gcp.cloud.qdrant.io:6333/collections/gb-semantic-70p/points/scroll \"HTTP/1.1 200 OK\""}
{"ts": "2026-01-28T11:04:47.234247+00:00", "level": "INFO", "logger": "httpx", "message": "HTTP Request: POST https://8cb3f0c3-cf4e-4d6a-b1b7-734720846f83.europe-west3-0.gcp.cloud.qdrant.io:6333/collections/gb-semantic-70p/points/scroll \"HTTP/1.1 200 OK\""}
{"ts": "2026-01-28T11:04:47.310130+00:00", "level": "INFO", "logger": "httpx", "message": "HTTP Request: POST https://8cb3f0c3-cf4e-4d6a-b1b7-734720846f83.europe-west3-0.gcp.cloud.qdrant.io:6333/collections/gb-semantic-70p/points/scroll \"HTTP/1.1 200 OK\""}
{"ts": "2026-01-28T11:04:47.381286+00:00", "level": "INFO", "logger": "httpx", "message": "HTTP Request: POST https://8cb3f0c3-cf4e-4d6a-b1b7-734720846f83.europe-west3-0.gcp.cloud.qdrant.io:6333/collections/gb-semantic-70p/points/scroll \"HTTP/1.1 200 OK\""}
{"ts": "2026-01-28T11:04:47.455868+00:00", "level": "INFO", "logger": "httpx", "message": "HTTP Request: POST https://8cb3f0c3-cf4e-4d6a-b1b7-734720846f83.europe-west3-0.gcp.cloud.qdrant.io:6333/collections/gb-semantic-70p/points/scroll \"HTTP/1.1 200 OK\""}
{"ts": "2026-01-28T11:04:47.551102+00:00", "level": "INFO", "logger": "httpx", "message": "HTTP Request: POST https://8cb3f0c3-cf4e-4d6a-b1b7-734720846f83.europe-west3-0.gcp.cloud.qdrant.io:6333/collections/gb-semantic-70p/points/scroll \"HTTP/1.1 200 OK\""}
{"ts": "2026-01-28T11:04:47.626361+00:00", "level": "INFO", "logger": "httpx", "message": "HTTP Request: POST https://8cb3f0c3-cf4e-4d6a-b1b7-734720846f83.europe-west3-0.gcp.cloud.qdrant.io:6333/collections/gb-semantic-70p/points/scroll \"HTTP/1.1 200 OK\""}
{"ts": "2026-01-28T11:04:47.703451+00:00", "level": "INFO", "logger": "httpx", "message": "HTTP Request: POST https://8cb3f0c3-cf4e-4d6a-b1b7-734720846f83.europe-west3-0.gcp.cloud.qdrant.io:6333/collections/gb-semantic-70p/points/scroll \"HTTP/1.1 200 OK\""}
{"ts": "2026-01-28T11:04:47.788151+00:00", "level": "INFO", "logger": "httpx", "message": "HTTP Request: POST https://8cb3f0c3-cf4e-4d6a-b1b7-734720846f83.europe-west3-0.gcp.cloud.qdrant.io:6333/collections/gb-semantic-70p/points/scroll \"HTTP/1.1 200 OK\""}
{"ts": "2026-01-28T11:04:47.863229+00:00", "level": "INFO", "logger": "httpx", "message": "HTTP Request: POST https://8cb3f0c3-cf4e-4d6a-b1b7-734720846f83.europe-west3-0.gcp.cloud.qdrant.io:6333/collections/gb-semantic-70p/points/scroll \"HTTP/1.1 200 OK\""}
{"ts": "2026-01-28T11:04:47.929258+00:00", "level": "INFO", "logger": "httpx", "message": "HTTP Request: POST https://8cb3f0c3-cf4e-4d6a-b1b7-734720846f83.europe-west3-0.gcp.cloud.qdrant.io:6333/collections/gb-semantic-70p/points/scroll \"HTTP/1.1 200 OK\""}
{"ts": "2026-01-28T11:04:47.940748+00:00", "level": "INFO", "logger": "root", "message": "--- Missing book ids: set()"}
{"ts": "2026-01-28T11:04:47.942536+00:00", "level": "INFO", "logger": "uvicorn.error", "message": "Application startup complete."}
{"ts": "2026-01-28T11:11:35.764829+00:00", "level": "INFO", "logger": "uvicorn.error", "message": "Shutting down"}
{"ts": "2026-01-28T11:11:35.882336+00:00", "level": "INFO", "logger": "uvicorn.error", "message": "Finished server process [18820]"}
{"ts": "2026-01-28T11:11:35.890853+00:00", "level": "ERROR", "logger": "uvicorn.error", "message": "Traceback (most recent call last):\n  File \"C:\\Program Files\\WindowsApps\\PythonSoftwareFoundation.Python.3.13_3.13.2544.0_x64__qbz5n2kfra8p0\\Lib\\asyncio\\runners.py\", line 195, in run\n    return runner.run(main)\n           ~~~~~~~~~~^^^^^^\n  File \"C:\\Program Files\\WindowsApps\\PythonSoftwareFoundation.Python.3.13_3.13.2544.0_x64__qbz5n2kfra8p0\\Lib\\asyncio\\runners.py\", line 118, in run\n    return self._loop.run_until_complete(task)\n           ~~~~~~~~~~~~~~~~~~~~~~~~~~~~~^^^^^^\n  File \"C:\\Program Files\\WindowsApps\\PythonSoftwareFoundation.Python.3.13_3.13.2544.0_x64__qbz5n2kfra8p0\\Lib\\asyncio\\base_events.py\", line 712, in run_until_complete\n    self.run_forever()\n    ~~~~~~~~~~~~~~~~^^\n  File \"C:\\Program Files\\WindowsApps\\PythonSoftwareFoundation.Python.3.13_3.13.2544.0_x64__qbz5n2kfra8p0\\Lib\\asyncio\\base_events.py\", line 683, in run_forever\n    self._run_once()\n    ~~~~~~~~~~~~~~^^\n  File \"C:\\Program Files\\WindowsApps\\PythonSoftwareFoundation.Python.3.13_3.13.2544.0_x64__qbz5n2kfra8p0\\Lib\\asyncio\\base_events.py\", line 2050, in _run_once\n    handle._run()\n    ~~~~~~~~~~~^^\n  File \"C:\\Program Files\\WindowsApps\\PythonSoftwareFoundation.Python.3.13_3.13.2544.0_x64__qbz5n2kfra8p0\\Lib\\asyncio\\events.py\", line 89, in _run\n    self._context.run(self._callback, *self._args)\n    ~~~~~~~~~~~~~~~~~^^^^^^^^^^^^^^^^^^^^^^^^^^^^^\n  File \"C:\\Users\\alext\\Documents\\Code\\RAG\\mobyRag\\venv\\Lib\\site-packages\\uvicorn\\server.py\", line 70, in serve\n    with self.capture_signals():\n         ~~~~~~~~~~~~~~~~~~~~^^\n  File \"C:\\Program Files\\WindowsApps\\PythonSoftwareFoundation.Python.3.13_3.13.2544.0_x64__qbz5n2kfra8p0\\Lib\\contextlib.py\", line 148, in __exit__\n    next(self.gen)\n    ~~~~^^^^^^^^^^\n  File \"C:\\Users\\alext\\Documents\\Code\\RAG\\mobyRag\\venv\\Lib\\site-packages\\uvicorn\\server.py\", line 331, in capture_signals\n    signal.raise_signal(captured_signal)\n    ~~~~~~~~~~~~~~~~~~~^^^^^^^^^^^^^^^^^\n  File \"C:\\Program Files\\WindowsApps\\PythonSoftwareFoundation.Python.3.13_3.13.2544.0_x64__qbz5n2kfra8p0\\Lib\\asyncio\\runners.py\", line 157, in _on_sigint\n    raise KeyboardInterrupt()\nKeyboardInterrupt\n\nDuring handling of the above exception, another exception occurred:\n\nTraceback (most recent call last):\n  File \"C:\\Users\\alext\\Documents\\Code\\RAG\\mobyRag\\venv\\Lib\\site-packages\\starlette\\routing.py\", line 701, in lifespan\n    await receive()\n  File \"C:\\Users\\alext\\Documents\\Code\\RAG\\mobyRag\\venv\\Lib\\site-packages\\uvicorn\\lifespan\\on.py\", line 137, in receive\n    return await self.receive_queue.get()\n           ^^^^^^^^^^^^^^^^^^^^^^^^^^^^^^\n  File \"C:\\Program Files\\WindowsApps\\PythonSoftwareFoundation.Python.3.13_3.13.2544.0_x64__qbz5n2kfra8p0\\Lib\\asyncio\\queues.py\", line 186, in get\n    await getter\nasyncio.exceptions.CancelledError\n"}
{"ts": "2026-01-28T11:11:36.738198+00:00", "level": "INFO", "logger": "uvicorn.error", "message": "Stopping reloader process [11064]"}
{"ts": "2026-01-28T11:30:57.390632+00:00", "level": "INFO", "logger": "uvicorn.error", "message": "Will watch for changes in these directories: ['C:\\\\Users\\\\alext\\\\Documents\\\\Code\\\\RAG\\\\mobyRag']"}
{"ts": "2026-01-28T11:30:57.391324+00:00", "level": "INFO", "logger": "uvicorn.error", "message": "Uvicorn running on http://127.0.0.1:8000 (Press CTRL+C to quit)"}
{"ts": "2026-01-28T11:30:57.391786+00:00", "level": "INFO", "logger": "uvicorn.error", "message": "Started reloader process [4508] using WatchFiles"}
{"ts": "2026-01-28T11:31:02.360069+00:00", "level": "INFO", "logger": "uvicorn.error", "message": "Started server process [29392]"}
{"ts": "2026-01-28T11:31:02.360587+00:00", "level": "INFO", "logger": "uvicorn.error", "message": "Waiting for application startup."}
{"ts": "2026-01-28T11:31:02.815573+00:00", "level": "INFO", "logger": "sqlalchemy.engine.Engine", "message": "select pg_catalog.version()"}
{"ts": "2026-01-28T11:31:02.815782+00:00", "level": "INFO", "logger": "sqlalchemy.engine.Engine", "message": "[raw sql] ()"}
{"ts": "2026-01-28T11:31:02.946574+00:00", "level": "INFO", "logger": "sqlalchemy.engine.Engine", "message": "select current_schema()"}
{"ts": "2026-01-28T11:31:02.946739+00:00", "level": "INFO", "logger": "sqlalchemy.engine.Engine", "message": "[raw sql] ()"}
{"ts": "2026-01-28T11:31:03.073228+00:00", "level": "INFO", "logger": "sqlalchemy.engine.Engine", "message": "show standard_conforming_strings"}
{"ts": "2026-01-28T11:31:03.073667+00:00", "level": "INFO", "logger": "sqlalchemy.engine.Engine", "message": "[raw sql] ()"}
{"ts": "2026-01-28T11:31:03.169645+00:00", "level": "INFO", "logger": "sqlalchemy.engine.Engine", "message": "BEGIN (implicit)"}
{"ts": "2026-01-28T11:31:03.171582+00:00", "level": "INFO", "logger": "sqlalchemy.engine.Engine", "message": "SELECT pg_catalog.pg_class.relname \nFROM pg_catalog.pg_class JOIN pg_catalog.pg_namespace ON pg_catalog.pg_namespace.oid = pg_catalog.pg_class.relnamespace \nWHERE pg_catalog.pg_class.relname = $1::VARCHAR AND pg_catalog.pg_class.relkind = ANY (ARRAY[$2::VARCHAR, $3::VARCHAR, $4::VARCHAR, $5::VARCHAR, $6::VARCHAR]) AND pg_catalog.pg_table_is_visible(pg_catalog.pg_class.oid) AND pg_catalog.pg_namespace.nspname != $7::VARCHAR"}
{"ts": "2026-01-28T11:31:03.171916+00:00", "level": "INFO", "logger": "sqlalchemy.engine.Engine", "message": "[generated in 0.00039s] ('book_metadata', 'r', 'p', 'f', 'v', 'm', 'pg_catalog')"}
{"ts": "2026-01-28T11:31:03.278883+00:00", "level": "INFO", "logger": "sqlalchemy.engine.Engine", "message": "SELECT pg_catalog.pg_class.relname \nFROM pg_catalog.pg_class JOIN pg_catalog.pg_namespace ON pg_catalog.pg_namespace.oid = pg_catalog.pg_class.relnamespace \nWHERE pg_catalog.pg_class.relname = $1::VARCHAR AND pg_catalog.pg_class.relkind = ANY (ARRAY[$2::VARCHAR, $3::VARCHAR, $4::VARCHAR, $5::VARCHAR, $6::VARCHAR]) AND pg_catalog.pg_table_is_visible(pg_catalog.pg_class.oid) AND pg_catalog.pg_namespace.nspname != $7::VARCHAR"}
{"ts": "2026-01-28T11:31:03.279822+00:00", "level": "INFO", "logger": "sqlalchemy.engine.Engine", "message": "[cached since 0.108s ago] ('book_chunk_stats', 'r', 'p', 'f', 'v', 'm', 'pg_catalog')"}
{"ts": "2026-01-28T11:31:03.313395+00:00", "level": "INFO", "logger": "sqlalchemy.engine.Engine", "message": "COMMIT"}
{"ts": "2026-01-28T11:31:03.344307+00:00", "level": "INFO", "logger": "app.lifecycle", "message": "DEF GB SEEDS: [1661, 42, 1404, 2701, 2680, 8492, 84, 16328, 29558, 11]"}
{"ts": "2026-01-28T11:31:04.263792+00:00", "level": "INFO", "logger": "httpx", "message": "HTTP Request: GET https://8cb3f0c3-cf4e-4d6a-b1b7-734720846f83.europe-west3-0.gcp.cloud.qdrant.io:6333 \"HTTP/1.1 200 OK\""}
{"ts": "2026-01-28T11:31:04.446988+00:00", "level": "INFO", "logger": "httpx", "message": "HTTP Request: GET https://8cb3f0c3-cf4e-4d6a-b1b7-734720846f83.europe-west3-0.gcp.cloud.qdrant.io:6333/collections/gb-semantic-70p/exists \"HTTP/1.1 200 OK\""}
{"ts": "2026-01-28T11:31:04.582172+00:00", "level": "INFO", "logger": "httpx", "message": "HTTP Request: POST https://8cb3f0c3-cf4e-4d6a-b1b7-734720846f83.europe-west3-0.gcp.cloud.qdrant.io:6333/collections/gb-semantic-70p/points/scroll \"HTTP/1.1 200 OK\""}
{"ts": "2026-01-28T11:31:04.790900+00:00", "level": "INFO", "logger": "httpx", "message": "HTTP Request: POST https://8cb3f0c3-cf4e-4d6a-b1b7-734720846f83.europe-west3-0.gcp.cloud.qdrant.io:6333/collections/gb-semantic-70p/points/scroll \"HTTP/1.1 200 OK\""}
{"ts": "2026-01-28T11:31:04.877615+00:00", "level": "INFO", "logger": "httpx", "message": "HTTP Request: POST https://8cb3f0c3-cf4e-4d6a-b1b7-734720846f83.europe-west3-0.gcp.cloud.qdrant.io:6333/collections/gb-semantic-70p/points/scroll \"HTTP/1.1 200 OK\""}
{"ts": "2026-01-28T11:31:04.958305+00:00", "level": "INFO", "logger": "httpx", "message": "HTTP Request: POST https://8cb3f0c3-cf4e-4d6a-b1b7-734720846f83.europe-west3-0.gcp.cloud.qdrant.io:6333/collections/gb-semantic-70p/points/scroll \"HTTP/1.1 200 OK\""}
{"ts": "2026-01-28T11:31:05.055100+00:00", "level": "INFO", "logger": "httpx", "message": "HTTP Request: POST https://8cb3f0c3-cf4e-4d6a-b1b7-734720846f83.europe-west3-0.gcp.cloud.qdrant.io:6333/collections/gb-semantic-70p/points/scroll \"HTTP/1.1 200 OK\""}
{"ts": "2026-01-28T11:31:05.128994+00:00", "level": "INFO", "logger": "httpx", "message": "HTTP Request: POST https://8cb3f0c3-cf4e-4d6a-b1b7-734720846f83.europe-west3-0.gcp.cloud.qdrant.io:6333/collections/gb-semantic-70p/points/scroll \"HTTP/1.1 200 OK\""}
{"ts": "2026-01-28T11:31:05.205809+00:00", "level": "INFO", "logger": "httpx", "message": "HTTP Request: POST https://8cb3f0c3-cf4e-4d6a-b1b7-734720846f83.europe-west3-0.gcp.cloud.qdrant.io:6333/collections/gb-semantic-70p/points/scroll \"HTTP/1.1 200 OK\""}
{"ts": "2026-01-28T11:31:05.290003+00:00", "level": "INFO", "logger": "httpx", "message": "HTTP Request: POST https://8cb3f0c3-cf4e-4d6a-b1b7-734720846f83.europe-west3-0.gcp.cloud.qdrant.io:6333/collections/gb-semantic-70p/points/scroll \"HTTP/1.1 200 OK\""}
{"ts": "2026-01-28T11:31:05.385483+00:00", "level": "INFO", "logger": "httpx", "message": "HTTP Request: POST https://8cb3f0c3-cf4e-4d6a-b1b7-734720846f83.europe-west3-0.gcp.cloud.qdrant.io:6333/collections/gb-semantic-70p/points/scroll \"HTTP/1.1 200 OK\""}
{"ts": "2026-01-28T11:31:05.461975+00:00", "level": "INFO", "logger": "httpx", "message": "HTTP Request: POST https://8cb3f0c3-cf4e-4d6a-b1b7-734720846f83.europe-west3-0.gcp.cloud.qdrant.io:6333/collections/gb-semantic-70p/points/scroll \"HTTP/1.1 200 OK\""}
{"ts": "2026-01-28T11:31:05.566180+00:00", "level": "INFO", "logger": "httpx", "message": "HTTP Request: POST https://8cb3f0c3-cf4e-4d6a-b1b7-734720846f83.europe-west3-0.gcp.cloud.qdrant.io:6333/collections/gb-semantic-70p/points/scroll \"HTTP/1.1 200 OK\""}
{"ts": "2026-01-28T11:31:05.655017+00:00", "level": "INFO", "logger": "httpx", "message": "HTTP Request: POST https://8cb3f0c3-cf4e-4d6a-b1b7-734720846f83.europe-west3-0.gcp.cloud.qdrant.io:6333/collections/gb-semantic-70p/points/scroll \"HTTP/1.1 200 OK\""}
{"ts": "2026-01-28T11:31:05.740678+00:00", "level": "INFO", "logger": "httpx", "message": "HTTP Request: POST https://8cb3f0c3-cf4e-4d6a-b1b7-734720846f83.europe-west3-0.gcp.cloud.qdrant.io:6333/collections/gb-semantic-70p/points/scroll \"HTTP/1.1 200 OK\""}
{"ts": "2026-01-28T11:31:05.832113+00:00", "level": "INFO", "logger": "httpx", "message": "HTTP Request: POST https://8cb3f0c3-cf4e-4d6a-b1b7-734720846f83.europe-west3-0.gcp.cloud.qdrant.io:6333/collections/gb-semantic-70p/points/scroll \"HTTP/1.1 200 OK\""}
{"ts": "2026-01-28T11:31:05.917547+00:00", "level": "INFO", "logger": "httpx", "message": "HTTP Request: POST https://8cb3f0c3-cf4e-4d6a-b1b7-734720846f83.europe-west3-0.gcp.cloud.qdrant.io:6333/collections/gb-semantic-70p/points/scroll \"HTTP/1.1 200 OK\""}
{"ts": "2026-01-28T11:31:06.001961+00:00", "level": "INFO", "logger": "httpx", "message": "HTTP Request: POST https://8cb3f0c3-cf4e-4d6a-b1b7-734720846f83.europe-west3-0.gcp.cloud.qdrant.io:6333/collections/gb-semantic-70p/points/scroll \"HTTP/1.1 200 OK\""}
{"ts": "2026-01-28T11:31:06.078173+00:00", "level": "INFO", "logger": "httpx", "message": "HTTP Request: POST https://8cb3f0c3-cf4e-4d6a-b1b7-734720846f83.europe-west3-0.gcp.cloud.qdrant.io:6333/collections/gb-semantic-70p/points/scroll \"HTTP/1.1 200 OK\""}
{"ts": "2026-01-28T11:31:06.162980+00:00", "level": "INFO", "logger": "httpx", "message": "HTTP Request: POST https://8cb3f0c3-cf4e-4d6a-b1b7-734720846f83.europe-west3-0.gcp.cloud.qdrant.io:6333/collections/gb-semantic-70p/points/scroll \"HTTP/1.1 200 OK\""}
{"ts": "2026-01-28T11:31:06.239056+00:00", "level": "INFO", "logger": "httpx", "message": "HTTP Request: POST https://8cb3f0c3-cf4e-4d6a-b1b7-734720846f83.europe-west3-0.gcp.cloud.qdrant.io:6333/collections/gb-semantic-70p/points/scroll \"HTTP/1.1 200 OK\""}
{"ts": "2026-01-28T11:31:06.321216+00:00", "level": "INFO", "logger": "httpx", "message": "HTTP Request: POST https://8cb3f0c3-cf4e-4d6a-b1b7-734720846f83.europe-west3-0.gcp.cloud.qdrant.io:6333/collections/gb-semantic-70p/points/scroll \"HTTP/1.1 200 OK\""}
{"ts": "2026-01-28T11:31:06.456241+00:00", "level": "INFO", "logger": "httpx", "message": "HTTP Request: POST https://8cb3f0c3-cf4e-4d6a-b1b7-734720846f83.europe-west3-0.gcp.cloud.qdrant.io:6333/collections/gb-semantic-70p/points/scroll \"HTTP/1.1 200 OK\""}
{"ts": "2026-01-28T11:31:06.546010+00:00", "level": "INFO", "logger": "httpx", "message": "HTTP Request: POST https://8cb3f0c3-cf4e-4d6a-b1b7-734720846f83.europe-west3-0.gcp.cloud.qdrant.io:6333/collections/gb-semantic-70p/points/scroll \"HTTP/1.1 200 OK\""}
{"ts": "2026-01-28T11:31:06.638004+00:00", "level": "INFO", "logger": "httpx", "message": "HTTP Request: POST https://8cb3f0c3-cf4e-4d6a-b1b7-734720846f83.europe-west3-0.gcp.cloud.qdrant.io:6333/collections/gb-semantic-70p/points/scroll \"HTTP/1.1 200 OK\""}
{"ts": "2026-01-28T11:31:06.722949+00:00", "level": "INFO", "logger": "httpx", "message": "HTTP Request: POST https://8cb3f0c3-cf4e-4d6a-b1b7-734720846f83.europe-west3-0.gcp.cloud.qdrant.io:6333/collections/gb-semantic-70p/points/scroll \"HTTP/1.1 200 OK\""}
{"ts": "2026-01-28T11:31:06.810976+00:00", "level": "INFO", "logger": "httpx", "message": "HTTP Request: POST https://8cb3f0c3-cf4e-4d6a-b1b7-734720846f83.europe-west3-0.gcp.cloud.qdrant.io:6333/collections/gb-semantic-70p/points/scroll \"HTTP/1.1 200 OK\""}
{"ts": "2026-01-28T11:31:06.882591+00:00", "level": "INFO", "logger": "httpx", "message": "HTTP Request: POST https://8cb3f0c3-cf4e-4d6a-b1b7-734720846f83.europe-west3-0.gcp.cloud.qdrant.io:6333/collections/gb-semantic-70p/points/scroll \"HTTP/1.1 200 OK\""}
{"ts": "2026-01-28T11:31:06.890930+00:00", "level": "INFO", "logger": "root", "message": "--- Missing book ids: set()"}
{"ts": "2026-01-28T11:31:06.893799+00:00", "level": "INFO", "logger": "uvicorn.error", "message": "Application startup complete."}
{"ts": "2026-01-28T11:31:11.148844+00:00", "level": "INFO", "logger": "uvicorn.access", "message": "127.0.0.1:56212 - \"GET /docs HTTP/1.1\" 200"}
{"ts": "2026-01-28T11:31:11.257393+00:00", "level": "INFO", "logger": "uvicorn.access", "message": "127.0.0.1:56212 - \"GET /openapi.json HTTP/1.1\" 200"}
{"ts": "2026-01-28T11:31:21.217195+00:00", "level": "INFO", "logger": "httpx", "message": "HTTP Request: GET https://8cb3f0c3-cf4e-4d6a-b1b7-734720846f83.europe-west3-0.gcp.cloud.qdrant.io:6333 \"HTTP/1.1 200 OK\""}
{"ts": "2026-01-28T11:31:21.402864+00:00", "level": "INFO", "logger": "httpx", "message": "HTTP Request: GET https://8cb3f0c3-cf4e-4d6a-b1b7-734720846f83.europe-west3-0.gcp.cloud.qdrant.io:6333/collections/gb-semantic-70p/exists \"HTTP/1.1 200 OK\""}
{"ts": "2026-01-28T11:31:25.400225+00:00", "level": "INFO", "logger": "httpx", "message": "HTTP Request: POST https://moby-rag-ai-foundry.cognitiveservices.azure.com/openai/deployments/text-embedding-3-small/embeddings?api-version=2024-12-01-preview \"HTTP/1.1 200 OK\""}
{"ts": "2026-01-28T11:31:26.457753+00:00", "level": "INFO", "logger": "httpx", "message": "HTTP Request: POST https://8cb3f0c3-cf4e-4d6a-b1b7-734720846f83.europe-west3-0.gcp.cloud.qdrant.io:6333/collections/gb-semantic-70p/points/query \"HTTP/1.1 200 OK\""}
{"ts": "2026-01-28T11:31:54.908586+00:00", "level": "INFO", "logger": "httpx", "message": "HTTP Request: POST https://moby-rag-ai-foundry.cognitiveservices.azure.com/openai/responses?api-version=2025-04-01-preview \"HTTP/1.1 200 OK\""}
{"ts": "2026-01-28T11:33:09.926028+00:00", "level": "INFO", "logger": "httpx", "message": "HTTP Request: POST https://moby-rag-ai-foundry.cognitiveservices.azure.com/openai/responses?api-version=2025-04-01-preview \"HTTP/1.1 500 Internal Server Error\""}
{"ts": "2026-01-28T11:33:09.927148+00:00", "level": "INFO", "logger": "openai._base_client", "message": "Retrying request to /responses in 0.471542 seconds"}
{"ts": "2026-01-28T11:33:43.247103+00:00", "level": "INFO", "logger": "httpx", "message": "HTTP Request: POST https://moby-rag-ai-foundry.cognitiveservices.azure.com/openai/responses?api-version=2025-04-01-preview \"HTTP/1.1 200 OK\""}
{"ts": "2026-01-28T11:35:39.169875+00:00", "level": "INFO", "logger": "httpx", "message": "HTTP Request: POST https://moby-rag-ai-foundry.cognitiveservices.azure.com/openai/responses?api-version=2025-04-01-preview \"HTTP/1.1 500 Internal Server Error\""}
{"ts": "2026-01-28T11:35:39.170548+00:00", "level": "INFO", "logger": "openai._base_client", "message": "Retrying request to /responses in 0.488282 seconds"}
{"ts": "2026-01-28T11:36:23.749623+00:00", "level": "INFO", "logger": "httpx", "message": "HTTP Request: POST https://moby-rag-ai-foundry.cognitiveservices.azure.com/openai/responses?api-version=2025-04-01-preview \"HTTP/1.1 500 Internal Server Error\""}
{"ts": "2026-01-28T11:36:23.751052+00:00", "level": "INFO", "logger": "openai._base_client", "message": "Retrying request to /responses in 0.759825 seconds"}
{"ts": "2026-01-28T11:38:06.423491+00:00", "level": "INFO", "logger": "httpx", "message": "HTTP Request: POST https://moby-rag-ai-foundry.cognitiveservices.azure.com/openai/responses?api-version=2025-04-01-preview \"HTTP/1.1 500 Internal Server Error\""}
{"ts": "2026-01-28T11:38:06.427056+00:00", "level": "INFO", "logger": "uvicorn.access", "message": "127.0.0.1:53210 - \"GET /v1/query/?query=Who%20is%20Alice&top_n_matches=7&is_test=false HTTP/1.1\" 500"}
{"ts": "2026-01-28T11:38:06.493897+00:00", "level": "ERROR", "logger": "uvicorn.error", "message": "Exception in ASGI application\n"}
{"ts": "2026-01-28T18:49:56.677558+00:00", "level": "INFO", "logger": "uvicorn.error", "message": "Shutting down"}
{"ts": "2026-01-28T18:49:56.791198+00:00", "level": "INFO", "logger": "uvicorn.error", "message": "Finished server process [29392]"}
{"ts": "2026-01-28T18:49:56.821351+00:00", "level": "ERROR", "logger": "uvicorn.error", "message": "Traceback (most recent call last):\n  File \"C:\\Program Files\\WindowsApps\\PythonSoftwareFoundation.Python.3.13_3.13.2544.0_x64__qbz5n2kfra8p0\\Lib\\asyncio\\runners.py\", line 195, in run\n    return runner.run(main)\n           ~~~~~~~~~~^^^^^^\n  File \"C:\\Program Files\\WindowsApps\\PythonSoftwareFoundation.Python.3.13_3.13.2544.0_x64__qbz5n2kfra8p0\\Lib\\asyncio\\runners.py\", line 118, in run\n    return self._loop.run_until_complete(task)\n           ~~~~~~~~~~~~~~~~~~~~~~~~~~~~~^^^^^^\n  File \"C:\\Program Files\\WindowsApps\\PythonSoftwareFoundation.Python.3.13_3.13.2544.0_x64__qbz5n2kfra8p0\\Lib\\asyncio\\base_events.py\", line 712, in run_until_complete\n    self.run_forever()\n    ~~~~~~~~~~~~~~~~^^\n  File \"C:\\Program Files\\WindowsApps\\PythonSoftwareFoundation.Python.3.13_3.13.2544.0_x64__qbz5n2kfra8p0\\Lib\\asyncio\\base_events.py\", line 683, in run_forever\n    self._run_once()\n    ~~~~~~~~~~~~~~^^\n  File \"C:\\Program Files\\WindowsApps\\PythonSoftwareFoundation.Python.3.13_3.13.2544.0_x64__qbz5n2kfra8p0\\Lib\\asyncio\\base_events.py\", line 2050, in _run_once\n    handle._run()\n    ~~~~~~~~~~~^^\n  File \"C:\\Program Files\\WindowsApps\\PythonSoftwareFoundation.Python.3.13_3.13.2544.0_x64__qbz5n2kfra8p0\\Lib\\asyncio\\events.py\", line 89, in _run\n    self._context.run(self._callback, *self._args)\n    ~~~~~~~~~~~~~~~~~^^^^^^^^^^^^^^^^^^^^^^^^^^^^^\n  File \"C:\\Users\\alext\\Documents\\Code\\RAG\\mobyRag\\venv\\Lib\\site-packages\\uvicorn\\server.py\", line 70, in serve\n    with self.capture_signals():\n         ~~~~~~~~~~~~~~~~~~~~^^\n  File \"C:\\Program Files\\WindowsApps\\PythonSoftwareFoundation.Python.3.13_3.13.2544.0_x64__qbz5n2kfra8p0\\Lib\\contextlib.py\", line 148, in __exit__\n    next(self.gen)\n    ~~~~^^^^^^^^^^\n  File \"C:\\Users\\alext\\Documents\\Code\\RAG\\mobyRag\\venv\\Lib\\site-packages\\uvicorn\\server.py\", line 331, in capture_signals\n    signal.raise_signal(captured_signal)\n    ~~~~~~~~~~~~~~~~~~~^^^^^^^^^^^^^^^^^\n  File \"C:\\Program Files\\WindowsApps\\PythonSoftwareFoundation.Python.3.13_3.13.2544.0_x64__qbz5n2kfra8p0\\Lib\\asyncio\\runners.py\", line 157, in _on_sigint\n    raise KeyboardInterrupt()\nKeyboardInterrupt\n\nDuring handling of the above exception, another exception occurred:\n\nTraceback (most recent call last):\n  File \"C:\\Users\\alext\\Documents\\Code\\RAG\\mobyRag\\venv\\Lib\\site-packages\\starlette\\routing.py\", line 701, in lifespan\n    await receive()\n  File \"C:\\Users\\alext\\Documents\\Code\\RAG\\mobyRag\\venv\\Lib\\site-packages\\uvicorn\\lifespan\\on.py\", line 137, in receive\n    return await self.receive_queue.get()\n           ^^^^^^^^^^^^^^^^^^^^^^^^^^^^^^\n  File \"C:\\Program Files\\WindowsApps\\PythonSoftwareFoundation.Python.3.13_3.13.2544.0_x64__qbz5n2kfra8p0\\Lib\\asyncio\\queues.py\", line 186, in get\n    await getter\nasyncio.exceptions.CancelledError\n"}
{"ts": "2026-01-28T18:49:58.686118+00:00", "level": "INFO", "logger": "uvicorn.error", "message": "Stopping reloader process [4508]"}
