{
    "config_id_used": 3,
    "book_count": 2,
    "total_chunks": 632,
    "book_chunk_count_median": 316.0,
    "book_chunk_count_p90": 332.8,
    "book_token_mean_median": 114.97513956646381,
    "book_token_mean_p90": 124.02824825227582,
    "book_token_std_median": 153.82843581032046,
    "book_token_std_p90": 156.35860631611098,
    "book_token_max_median": 1125.5,
    "book_token_max_p90": 1151.5,
    "chunk_token_p10": 13.0,
    "chunk_token_p50": 60.0,
    "chunk_token_p90": 310.39999999999986,
    "chunk_token_p99": 737.1099999999989,
    "pct_books_token_std_gt_p90": 50.0,
    "pct_books_token_max_gt_2xp90": 0.0,
    "pct_books_chunk_count_gt_p99": 50.0
}